Image,image_url,@Occasion,@Age Group,@Recommended Body shape,@Recommended size,@Skin tone,Clothing Type,Fit,Fabric,Color_family,Style,Description,Quality_Tag,Score,Prompt
testiing_image_collection/76.png,https://res.cloudinary.com/dgbmqarp0/image/upload/v1768718955/training_image/76.png,Party,36-50,"Hourglass, Rectangle","S, M, L","Light, Medium",lace_dress,slim,lace,metallic,Elegant,"Delicate lace dress with slip lining and side slit for evening receptions. Crafted in lace with a slim profile and a metallic palette suited for Party moments across India. Fits Hourglass, Rectangle bodies, complements Light, Medium skin tones, and is available in sizes S, M, L. Age guidance: 36-50 years.",,0.7,"Full-body portrait of an Indian female, natural and realistic, head to toe, no other person in the background, wearing: Delicate lace dress with slip lining and side slit for evening receptions. Crafted in lace with a slim profile and a metallic palette suited for Party moments across India. Fits Hourglass, Rectangle bodies, complements Light, Medium skin tones, and is available in sizes S, M, L. Age guidance: 36-50 years. Background: minimalist studio with warm lighting."
testiing_image_collection/77.png,https://res.cloudinary.com/dgbmqarp0/image/upload/v1768718954/training_image/77.png,Resort,13-17,"Rectangle, Pear Shape, Hourglass","XS, S, M, L","Light, Medium, Dusky",maxi_dress,flowing,chiffon,neutral,Minimal Luxury,"Breezy chiffon maxi dress with tiered hem, designed for coastal getaways and Indian summers. Crafted in chiffon with a flowing profile and a neutral palette suited for Resort moments across India. Fits Rectangle, Pear Shape, Hourglass bodies, complements Light, Medium, Dusky skin tones, and is available in sizes XS, S, M, L. Age guidance: 13-17 years.",,0.532,"Full-body portrait of an Indian female, natural and realistic, head to toe, no other person in the background, wearing: Breezy chiffon maxi dress with tiered hem, designed for coastal getaways and Indian summers. Crafted in chiffon with a flowing profile and a neutral palette suited for Resort moments across India. Fits Rectangle, Pear Shape, Hourglass bodies, complements Light, Medium, Dusky skin tones, and is available in sizes XS, S, M, L. Age guidance: 13-17 years. Background: luxury hotel lobby with marble floor."
testiing_image_collection/78.png,https://res.cloudinary.com/dgbmqarp0/image/upload/v1768718953/training_image/78.png,Wedding,26-35,"Pear Shape, Hourglass, Rectangle","M, L, XL, XXL","Medium, Dusky, Deep",saree,flowing,silk,pastel,Traditional Luxury,"Classic silk saree with hand-detailed borders and fluid pleats tailored for Indian wedding rituals. Crafted in silk with a flowing profile and a pastel palette suited for Wedding moments across India. Fits Pear Shape, Hourglass, Rectangle bodies, complements Medium, Dusky, Deep skin tones, and is available in sizes M, L, XL, XXL. Age guidance: 26-35 years.",,0.835,"Full-body portrait of an Indian female, natural and realistic, head to toe, no other person in the background, wearing: Classic silk saree with hand-detailed borders and fluid pleats tailored for Indian wedding rituals. Crafted in silk with a flowing profile and a pastel palette suited for Wedding moments across India. Fits Pear Shape, Hourglass, Rectangle bodies, complements Medium, Dusky, Deep skin tones, and is available in sizes M, L, XL, XXL. Age guidance: 26-35 years. Background: old city street with pastel walls."
testiing_image_collection/79.png,https://res.cloudinary.com/dgbmqarp0/image/upload/v1768718951/training_image/79.png,Casual luxury,18-25,"Rectangle, Pear Shape","S, M, L","Light, Medium",wrap_dress,flowing,chiffon,neutral,Minimal Luxury,"Chiffon wrap dress with adjustable tie, easy to style for brunches and day dates. Crafted in chiffon with a flowing profile and a neutral palette suited for Casual luxury moments across India. Fits Rectangle, Pear Shape bodies, complements Light, Medium skin tones, and is available in sizes S, M, L. Age guidance: 18-25 years.",,0.294,"Full-body portrait of an Indian female, natural and realistic, head to toe, no other person in the background, wearing: Chiffon wrap dress with adjustable tie, easy to style for brunches and day dates. Crafted in chiffon with a flowing profile and a neutral palette suited for Casual luxury moments across India. Fits Rectangle, Pear Shape bodies, complements Light, Medium skin tones, and is available in sizes S, M, L. Age guidance: 18-25 years. Background: resort poolside deck with cabanas."
testiing_image_collection/80.png,https://res.cloudinary.com/dgbmqarp0/image/upload/v1768718950/training_image/80.png,Wedding,51+,"Pear Shape, Apple Shape, Rectangle","S, M, L, XL","Medium, Dusky",sharara_set,relaxed,chiffon,neutral,Traditional Luxury,"Relaxed chiffon sharara set with light zari work and breezy pants made for mehendi comfort. Crafted in chiffon with a relaxed profile and a neutral palette suited for Wedding moments across India. Fits Pear Shape, Apple Shape, Rectangle bodies, complements Medium, Dusky skin tones, and is available in sizes S, M, L, XL. Age guidance: 51+ years.",,0.616,"Full-body portrait of an Indian female, natural and realistic, head to toe, no other person in the background, wearing: Relaxed chiffon sharara set with light zari work and breezy pants made for mehendi comfort. Crafted in chiffon with a relaxed profile and a neutral palette suited for Wedding moments across India. Fits Pear Shape, Apple Shape, Rectangle bodies, complements Medium, Dusky skin tones, and is available in sizes S, M, L, XL. Age guidance: 51+ years. Background: art gallery interior with soft spotlights."
testiing_image_collection/81.png,https://res.cloudinary.com/dgbmqarp0/image/upload/v1768718948/training_image/81.png,Party,13-17,"Hourglass, Rectangle","S, M, L","Light, Medium",cocktail_dress,slim,satin,jewel,Elegant,"Satin cocktail dress with a sleek cut and side ruching for evening events. Crafted in satin with a slim profile and a jewel palette suited for Party moments across India. Fits Hourglass, Rectangle bodies, complements Light, Medium skin tones, and is available in sizes S, M, L. Age guidance: 13-17 years.",,0.765,"Full-body portrait of an Indian female, natural and realistic, head to toe, no other person in the background, wearing: Satin cocktail dress with a sleek cut and side ruching for evening events. Crafted in satin with a slim profile and a jewel palette suited for Party moments across India. Fits Hourglass, Rectangle bodies, complements Light, Medium skin tones, and is available in sizes S, M, L. Age guidance: 13-17 years. Background: heritage haveli courtyard at dusk."
testiing_image_collection/82.png,https://res.cloudinary.com/dgbmqarp0/image/upload/v1768718947/training_image/82.png,Casual luxury,51+,"Rectangle, Apple Shape","S, M, L, XL","Light, Medium, Dusky",jumpsuit,structured,linen,jewel,Minimal Luxury,"Tailored linen jumpsuit with a cinched waist built for humid city days. Crafted in linen with a structured profile and a jewel palette suited for Casual luxury moments across India. Fits Rectangle, Apple Shape bodies, complements Light, Medium, Dusky skin tones, and is available in sizes S, M, L, XL. Age guidance: 51+ years.",,0.165,"Full-body portrait of an Indian female, natural and realistic, head to toe, no other person in the background, wearing: Tailored linen jumpsuit with a cinched waist built for humid city days. Crafted in linen with a structured profile and a jewel palette suited for Casual luxury moments across India. Fits Rectangle, Apple Shape bodies, complements Light, Medium, Dusky skin tones, and is available in sizes S, M, L, XL. Age guidance: 51+ years. Background: modern Mumbai rooftop lounge at night."
testiing_image_collection/83.png,https://res.cloudinary.com/dgbmqarp0/image/upload/v1768718945/training_image/83.png,Resort,18-25,"Apple Shape, Rectangle, Pear Shape","S, M, L","Light, Medium, Dusky",kaftan,relaxed,silk,jewel,Minimal Luxury,"Silk kaftan with side slits and tassel tie, made for spa days and poolside ease. Crafted in silk with a relaxed profile and a jewel palette suited for Resort moments across India. Fits Apple Shape, Rectangle, Pear Shape bodies, complements Light, Medium, Dusky skin tones, and is available in sizes S, M, L. Age guidance: 18-25 years.",,0.339,"Full-body portrait of an Indian female, natural and realistic, head to toe, no other person in the background, wearing: Silk kaftan with side slits and tassel tie, made for spa days and poolside ease. Crafted in silk with a relaxed profile and a jewel palette suited for Resort moments across India. Fits Apple Shape, Rectangle, Pear Shape bodies, complements Light, Medium, Dusky skin tones, and is available in sizes S, M, L. Age guidance: 18-25 years. Background: sunlit Jaipur palace corridor."
testiing_image_collection/84.png,https://res.cloudinary.com/dgbmqarp0/image/upload/v1768718943/training_image/84.png,Formal,18-25,"Apple Shape, Rectangle","S, M, L, XL","Light, Medium, Dusky",kurta_set,relaxed,linen,pastel,Minimal Luxury,"Breathable linen kurta set with straight pants suited for office wear and day events in Indian weather. Crafted in linen with a relaxed profile and a pastel palette suited for Formal moments across India. Fits Apple Shape, Rectangle bodies, complements Light, Medium, Dusky skin tones, and is available in sizes S, M, L, XL. Age guidance: 18-25 years.",,0.306,"Full-body portrait of an Indian female, natural and realistic, head to toe, no other person in the background, wearing: Breathable linen kurta set with straight pants suited for office wear and day events in Indian weather. Crafted in linen with a relaxed profile and a pastel palette suited for Formal moments across India. Fits Apple Shape, Rectangle bodies, complements Light, Medium, Dusky skin tones, and is available in sizes S, M, L, XL. Age guidance: 18-25 years. Background: Goan beach promenade at sunset."
testiing_image_collection/85.png,https://res.cloudinary.com/dgbmqarp0/image/upload/v1768718942/training_image/85.png,Wedding,51+,"Hourglass, Inverted Triangle","M, L, XL","Medium, Dusky, Deep",gown,structured,velvet,pastel,Couture,"Velvet evening gown with corseted bodice and sweeping skirt suited for receptions. Crafted in velvet with a structured profile and a pastel palette suited for Wedding moments across India. Fits Hourglass, Inverted Triangle bodies, complements Medium, Dusky, Deep skin tones, and is available in sizes M, L, XL. Age guidance: 51+ years.",,0.9,"Full-body portrait of an Indian female, natural and realistic, head to toe, no other person in the background, wearing: Velvet evening gown with corseted bodice and sweeping skirt suited for receptions. Crafted in velvet with a structured profile and a pastel palette suited for Wedding moments across India. Fits Hourglass, Inverted Triangle bodies, complements Medium, Dusky, Deep skin tones, and is available in sizes M, L, XL. Age guidance: 51+ years. Background: lush monsoon garden with stone path."
testiing_image_collection/86.png,https://res.cloudinary.com/dgbmqarp0/image/upload/v1768718940/training_image/86.png,Formal,36-50,"Apple Shape, Rectangle","S, M, L, XL","Light, Medium, Dusky",kurta_set,relaxed,linen,metallic,Minimal Luxury,"Breathable linen kurta set with straight pants suited for office wear and day events in Indian weather. Crafted in linen with a relaxed profile and a metallic palette suited for Formal moments across India. Fits Apple Shape, Rectangle bodies, complements Light, Medium, Dusky skin tones, and is available in sizes S, M, L, XL. Age guidance: 36-50 years.",,0.184,"Full-body portrait of an Indian female, natural and realistic, head to toe, no other person in the background, wearing: Breathable linen kurta set with straight pants suited for office wear and day events in Indian weather. Crafted in linen with a relaxed profile and a metallic palette suited for Formal moments across India. Fits Apple Shape, Rectangle bodies, complements Light, Medium, Dusky skin tones, and is available in sizes S, M, L, XL. Age guidance: 36-50 years. Background: minimalist studio with warm lighting."
testiing_image_collection/87.png,https://res.cloudinary.com/dgbmqarp0/image/upload/v1768718939/training_image/87.png,Wedding,18-25,"Hourglass, Pear Shape","M, L, XL, XXL","Medium, Dusky, Deep",lehenga_set,structured,silk,black,Traditional Luxury,"Structured silk lehenga set with a supportive blouse and ample flare suited to sangeet and pheras. Crafted in silk with a structured profile and a black palette suited for Wedding moments across India. Fits Hourglass, Pear Shape bodies, complements Medium, Dusky, Deep skin tones, and is available in sizes M, L, XL, XXL. Age guidance: 18-25 years.",,0.713,"Full-body portrait of an Indian female, natural and realistic, head to toe, no other person in the background, wearing: Structured silk lehenga set with a supportive blouse and ample flare suited to sangeet and pheras. Crafted in silk with a structured profile and a black palette suited for Wedding moments across India. Fits Hourglass, Pear Shape bodies, complements Medium, Dusky, Deep skin tones, and is available in sizes M, L, XL, XXL. Age guidance: 18-25 years. Background: luxury hotel lobby with marble floor."
testiing_image_collection/88.png,https://res.cloudinary.com/dgbmqarp0/image/upload/v1768718938/training_image/88.png,Wedding,26-35,"Hourglass, Pear Shape","M, L, XL, XXL","Medium, Dusky, Deep",lehenga_set,structured,silk,neutral,Traditional Luxury,"Structured silk lehenga set with a supportive blouse and ample flare suited to sangeet and pheras. Crafted in silk with a structured profile and a neutral palette suited for Wedding moments across India. Fits Hourglass, Pear Shape bodies, complements Medium, Dusky, Deep skin tones, and is available in sizes M, L, XL, XXL. Age guidance: 26-35 years.",,0.816,"Full-body portrait of an Indian female, natural and realistic, head to toe, no other person in the background, wearing: Structured silk lehenga set with a supportive blouse and ample flare suited to sangeet and pheras. Crafted in silk with a structured profile and a neutral palette suited for Wedding moments across India. Fits Hourglass, Pear Shape bodies, complements Medium, Dusky, Deep skin tones, and is available in sizes M, L, XL, XXL. Age guidance: 26-35 years. Background: old city street with pastel walls."
testiing_image_collection/89.png,https://res.cloudinary.com/dgbmqarp0/image/upload/v1768718937/training_image/89.png,Resort,13-17,"Apple Shape, Rectangle, Pear Shape","S, M, L","Light, Medium, Dusky",kaftan,relaxed,silk,pastel,Minimal Luxury,"Silk kaftan with side slits and tassel tie, made for spa days and poolside ease. Crafted in silk with a relaxed profile and a pastel palette suited for Resort moments across India. Fits Apple Shape, Rectangle, Pear Shape bodies, complements Light, Medium, Dusky skin tones, and is available in sizes S, M, L. Age guidance: 13-17 years.",,0.506,"Full-body portrait of an Indian female, natural and realistic, head to toe, no other person in the background, wearing: Silk kaftan with side slits and tassel tie, made for spa days and poolside ease. Crafted in silk with a relaxed profile and a pastel palette suited for Resort moments across India. Fits Apple Shape, Rectangle, Pear Shape bodies, complements Light, Medium, Dusky skin tones, and is available in sizes S, M, L. Age guidance: 13-17 years. Background: resort poolside deck with cabanas."
testiing_image_collection/90.png,https://res.cloudinary.com/dgbmqarp0/image/upload/v1768718935/training_image/90.png,Casual luxury,36-50,"Apple Shape, Rectangle","S, M, L, XL","Light, Medium",tunic_set,relaxed,linen,pastel,Elegant,"Linen tunic set with high-low hem and slim pants for easy daytime polish. Crafted in linen with a relaxed profile and a pastel palette suited for Casual luxury moments across India. Fits Apple Shape, Rectangle bodies, complements Light, Medium skin tones, and is available in sizes S, M, L, XL. Age guidance: 36-50 years.",,0.319,"Full-body portrait of an Indian female, natural and realistic, head to toe, no other person in the background, wearing: Linen tunic set with high-low hem and slim pants for easy daytime polish. Crafted in linen with a relaxed profile and a pastel palette suited for Casual luxury moments across India. Fits Apple Shape, Rectangle bodies, complements Light, Medium skin tones, and is available in sizes S, M, L, XL. Age guidance: 36-50 years. Background: art gallery interior with soft spotlights."
testiing_image_collection/91.png,https://res.cloudinary.com/dgbmqarp0/image/upload/v1768718934/training_image/91.png,Wedding,26-35,"Pear Shape, Apple Shape, Rectangle","S, M, L, XL","Medium, Dusky",sharara_set,relaxed,chiffon,metallic,Traditional Luxury,"Relaxed chiffon sharara set with light zari work and breezy pants made for mehendi comfort. Crafted in chiffon with a relaxed profile and a metallic palette suited for Wedding moments across India. Fits Pear Shape, Apple Shape, Rectangle bodies, complements Medium, Dusky skin tones, and is available in sizes S, M, L, XL. Age guidance: 26-35 years.",,0.681,"Full-body portrait of an Indian female, natural and realistic, head to toe, no other person in the background, wearing: Relaxed chiffon sharara set with light zari work and breezy pants made for mehendi comfort. Crafted in chiffon with a relaxed profile and a metallic palette suited for Wedding moments across India. Fits Pear Shape, Apple Shape, Rectangle bodies, complements Medium, Dusky skin tones, and is available in sizes S, M, L, XL. Age guidance: 26-35 years. Background: heritage haveli courtyard at dusk."
testiing_image_collection/92.png,https://res.cloudinary.com/dgbmqarp0/image/upload/v1768718933/training_image/92.png,Party,51+,"Pear Shape, Hourglass","S, M, L","Light, Medium",peplum_set,structured,satin,metallic,Elegant,"Satin peplum set with fitted trousers, flattering the waist for festive dinners. Crafted in satin with a structured profile and a metallic palette suited for Party moments across India. Fits Pear Shape, Hourglass bodies, complements Light, Medium skin tones, and is available in sizes S, M, L. Age guidance: 51+ years.",,0.726,"Full-body portrait of an Indian female, natural and realistic, head to toe, no other person in the background, wearing: Satin peplum set with fitted trousers, flattering the waist for festive dinners. Crafted in satin with a structured profile and a metallic palette suited for Party moments across India. Fits Pear Shape, Hourglass bodies, complements Light, Medium skin tones, and is available in sizes S, M, L. Age guidance: 51+ years. Background: modern Mumbai rooftop lounge at night."
testiing_image_collection/93.png,https://res.cloudinary.com/dgbmqarp0/image/upload/v1768718932/training_image/93.png,Formal,18-25,"Rectangle, Inverted Triangle","S, M, L","Light, Medium",blazer_dress,structured,satin,jewel,Minimal Luxury,"Satin blazer dress with sharp lapels and waist definition for boardroom-to-dinner dressing. Crafted in satin with a structured profile and a jewel palette suited for Formal moments across India. Fits Rectangle, Inverted Triangle bodies, complements Light, Medium skin tones, and is available in sizes S, M, L. Age guidance: 18-25 years.",,0.526,"Full-body portrait of an Indian female, natural and realistic, head to toe, no other person in the background, wearing: Satin blazer dress with sharp lapels and waist definition for boardroom-to-dinner dressing. Crafted in satin with a structured profile and a jewel palette suited for Formal moments across India. Fits Rectangle, Inverted Triangle bodies, complements Light, Medium skin tones, and is available in sizes S, M, L. Age guidance: 18-25 years. Background: sunlit Jaipur palace corridor."
testiing_image_collection/94.png,https://res.cloudinary.com/dgbmqarp0/image/upload/v1768718931/training_image/94.png,Party,36-50,"Inverted Triangle, Rectangle","M, L, XL","Medium, Dusky",cape_saree,structured,silk,black,Couture,"Pre-stitched silk cape saree that adds drama without heavy draping. Crafted in silk with a structured profile and a black palette suited for Party moments across India. Fits Inverted Triangle, Rectangle bodies, complements Medium, Dusky skin tones, and is available in sizes M, L, XL. Age guidance: 36-50 years.",,0.829,"Full-body portrait of an Indian female, natural and realistic, head to toe, no other person in the background, wearing: Pre-stitched silk cape saree that adds drama without heavy draping. Crafted in silk with a structured profile and a black palette suited for Party moments across India. Fits Inverted Triangle, Rectangle bodies, complements Medium, Dusky skin tones, and is available in sizes M, L, XL. Age guidance: 36-50 years. Background: Goan beach promenade at sunset."
testiing_image_collection/95.png,https://res.cloudinary.com/dgbmqarp0/image/upload/v1768718930/training_image/95.png,Formal,51+,"Apple Shape, Rectangle","S, M, L, XL","Light, Medium, Dusky",kurta_set,relaxed,linen,black,Minimal Luxury,"Breathable linen kurta set with straight pants suited for office wear and day events in Indian weather. Crafted in linen with a relaxed profile and a black palette suited for Formal moments across India. Fits Apple Shape, Rectangle bodies, complements Light, Medium, Dusky skin tones, and is available in sizes S, M, L, XL. Age guidance: 51+ years.",,0.177,"Full-body portrait of an Indian female, natural and realistic, head to toe, no other person in the background, wearing: Breathable linen kurta set with straight pants suited for office wear and day events in Indian weather. Crafted in linen with a relaxed profile and a black palette suited for Formal moments across India. Fits Apple Shape, Rectangle bodies, complements Light, Medium, Dusky skin tones, and is available in sizes S, M, L, XL. Age guidance: 51+ years. Background: lush monsoon garden with stone path."
testiing_image_collection/96.png,https://res.cloudinary.com/dgbmqarp0/image/upload/v1768718928/training_image/96.png,Wedding,13-17,"Pear Shape, Hourglass, Rectangle","M, L, XL, XXL","Medium, Dusky, Deep",saree,flowing,silk,black,Traditional Luxury,"Classic silk saree with hand-detailed borders and fluid pleats tailored for Indian wedding rituals. Crafted in silk with a flowing profile and a black palette suited for Wedding moments across India. Fits Pear Shape, Hourglass, Rectangle bodies, complements Medium, Dusky, Deep skin tones, and is available in sizes M, L, XL, XXL. Age guidance: 13-17 years.",,0.597,"Full-body portrait of an Indian female, natural and realistic, head to toe, no other person in the background, wearing: Classic silk saree with hand-detailed borders and fluid pleats tailored for Indian wedding rituals. Crafted in silk with a flowing profile and a black palette suited for Wedding moments across India. Fits Pear Shape, Hourglass, Rectangle bodies, complements Medium, Dusky, Deep skin tones, and is available in sizes M, L, XL, XXL. Age guidance: 13-17 years. Background: minimalist studio with warm lighting."
testiing_image_collection/97.png,https://res.cloudinary.com/dgbmqarp0/image/upload/v1768718927/training_image/98.png,Party,51+,"Hourglass, Rectangle","S, M, L","Light, Medium",lace_dress,slim,lace,black,Elegant,"Delicate lace dress with slip lining and side slit for evening receptions. Crafted in lace with a slim profile and a black palette suited for Party moments across India. Fits Hourglass, Rectangle bodies, complements Light, Medium skin tones, and is available in sizes S, M, L. Age guidance: 51+ years.",,0.494,"Full-body portrait of an Indian female, natural and realistic, head to toe, no other person in the background, wearing: Delicate lace dress with slip lining and side slit for evening receptions. Crafted in lace with a slim profile and a black palette suited for Party moments across India. Fits Hourglass, Rectangle bodies, complements Light, Medium skin tones, and is available in sizes S, M, L. Age guidance: 51+ years. Background: luxury hotel lobby with marble floor."
testiing_image_collection/98.png,https://res.cloudinary.com/dgbmqarp0/image/upload/v1768718925/training_image/99.png,Casual luxury,36-50,"Rectangle, Apple Shape","S, M, L, XL","Light, Medium, Dusky",jumpsuit,structured,linen,pastel,Minimal Luxury,"Tailored linen jumpsuit with a cinched waist built for humid city days. Crafted in linen with a structured profile and a pastel palette suited for Casual luxury moments across India. Fits Rectangle, Apple Shape bodies, complements Light, Medium, Dusky skin tones, and is available in sizes S, M, L, XL. Age guidance: 36-50 years.",,0.235,"Full-body portrait of an Indian female, natural and realistic, head to toe, no other person in the background, wearing: Tailored linen jumpsuit with a cinched waist built for humid city days. Crafted in linen with a structured profile and a pastel palette suited for Casual luxury moments across India. Fits Rectangle, Apple Shape bodies, complements Light, Medium, Dusky skin tones, and is available in sizes S, M, L, XL. Age guidance: 36-50 years. Background: old city street with pastel walls."
testiing_image_collection/99.png,https://res.cloudinary.com/dgbmqarp0/image/upload/v1768718924/training_image/100.png,Party,18-25,"Inverted Triangle, Rectangle","M, L, XL","Medium, Dusky",cape_saree,structured,silk,jewel,Couture,"Pre-stitched silk cape saree that adds drama without heavy draping. Crafted in silk with a structured profile and a jewel palette suited for Party moments across India. Fits Inverted Triangle, Rectangle bodies, complements Medium, Dusky skin tones, and is available in sizes M, L, XL. Age guidance: 18-25 years.",,0.771,"Full-body portrait of an Indian female, natural and realistic, head to toe, no other person in the background, wearing: Pre-stitched silk cape saree that adds drama without heavy draping. Crafted in silk with a structured profile and a jewel palette suited for Party moments across India. Fits Inverted Triangle, Rectangle bodies, complements Medium, Dusky skin tones, and is available in sizes M, L, XL. Age guidance: 18-25 years. Background: resort poolside deck with cabanas."
testiing_image_collection/100.png,https://res.cloudinary.com/dgbmqarp0/image/upload/v1768718923/training_image/101.png,Casual luxury,36-50,"Rectangle, Pear Shape","S, M, L","Light, Medium",wrap_dress,flowing,chiffon,jewel,Minimal Luxury,"Chiffon wrap dress with adjustable tie, easy to style for brunches and day dates. Crafted in chiffon with a flowing profile and a jewel palette suited for Casual luxury moments across India. Fits Rectangle, Pear Shape bodies, complements Light, Medium skin tones, and is available in sizes S, M, L. Age guidance: 36-50 years.",,0.158,"Full-body portrait of an Indian female, natural and realistic, head to toe, no other person in the background, wearing: Chiffon wrap dress with adjustable tie, easy to style for brunches and day dates. Crafted in chiffon with a flowing profile and a jewel palette suited for Casual luxury moments across India. Fits Rectangle, Pear Shape bodies, complements Light, Medium skin tones, and is available in sizes S, M, L. Age guidance: 36-50 years. Background: art gallery interior with soft spotlights."
testiing_image_collection/101.png,https://res.cloudinary.com/dgbmqarp0/image/upload/v1768718922/training_image/102.png,Formal,18-25,"Rectangle, Inverted Triangle","M, L, XL, XXL","Medium, Dusky, Deep",kurta_jacket_set,structured,velvet,metallic,Traditional Luxury,"Velvet kurta with a longline jacket for winter formals and cultural events. Crafted in velvet with a structured profile and a metallic palette suited for Formal moments across India. Fits Rectangle, Inverted Triangle bodies, complements Medium, Dusky, Deep skin tones, and is available in sizes M, L, XL, XXL. Age guidance: 18-25 years.",,0.539,"Full-body portrait of an Indian female, natural and realistic, head to toe, no other person in the background, wearing: Velvet kurta with a longline jacket for winter formals and cultural events. Crafted in velvet with a structured profile and a metallic palette suited for Formal moments across India. Fits Rectangle, Inverted Triangle bodies, complements Medium, Dusky, Deep skin tones, and is available in sizes M, L, XL, XXL. Age guidance: 18-25 years. Background: heritage haveli courtyard at dusk."
testiing_image_collection/102.png,https://res.cloudinary.com/dgbmqarp0/image/upload/v1768718921/training_image/103.png,Formal,13-17,"Pear Shape, Hourglass","M, L, XL","Light, Medium",palazzo_set,flowing,silk,black,Elegant,"Silk palazzo set with a gently flared kurti and airy pants, ideal for Indian formal dinners. Crafted in silk with a flowing profile and a black palette suited for Formal moments across India. Fits Pear Shape, Hourglass bodies, complements Light, Medium skin tones, and is available in sizes M, L, XL. Age guidance: 13-17 years.",,0.752,"Full-body portrait of an Indian female, natural and realistic, head to toe, no other person in the background, wearing: Silk palazzo set with a gently flared kurti and airy pants, ideal for Indian formal dinners. Crafted in silk with a flowing profile and a black palette suited for Formal moments across India. Fits Pear Shape, Hourglass bodies, complements Light, Medium skin tones, and is available in sizes M, L, XL. Age guidance: 13-17 years. Background: modern Mumbai rooftop lounge at night."
testiing_image_collection/103.png,https://res.cloudinary.com/dgbmqarp0/image/upload/v1768718920/training_image/104.png,Casual luxury,13-17,"Rectangle, Pear Shape","XS, S, M, L","Light, Medium, Dusky",co_ord_set,structured,linen,neutral,Minimal Luxury,"Linen co-ord set with a cropped top and tailored trousers for weekend outings. Crafted in linen with a structured profile and a neutral palette suited for Casual luxury moments across India. Fits Rectangle, Pear Shape bodies, complements Light, Medium, Dusky skin tones, and is available in sizes XS, S, M, L. Age guidance: 13-17 years.",,0.5,"Full-body portrait of an Indian female, natural and realistic, head to toe, no other person in the background, wearing: Linen co-ord set with a cropped top and tailored trousers for weekend outings. Crafted in linen with a structured profile and a neutral palette suited for Casual luxury moments across India. Fits Rectangle, Pear Shape bodies, complements Light, Medium, Dusky skin tones, and is available in sizes XS, S, M, L. Age guidance: 13-17 years. Background: sunlit Jaipur palace corridor."
testiing_image_collection/104.png,https://res.cloudinary.com/dgbmqarp0/image/upload/v1768718918/training_image/105.png,Casual luxury,13-17,"Apple Shape, Rectangle","S, M, L, XL","Light, Medium",tunic_set,relaxed,linen,metallic,Elegant,"Linen tunic set with high-low hem and slim pants for easy daytime polish. Crafted in linen with a relaxed profile and a metallic palette suited for Casual luxury moments across India. Fits Apple Shape, Rectangle bodies, complements Light, Medium skin tones, and is available in sizes S, M, L, XL. Age guidance: 13-17 years.",,0.345,"Full-body portrait of an Indian female, natural and realistic, head to toe, no other person in the background, wearing: Linen tunic set with high-low hem and slim pants for easy daytime polish. Crafted in linen with a relaxed profile and a metallic palette suited for Casual luxury moments across India. Fits Apple Shape, Rectangle bodies, complements Light, Medium skin tones, and is available in sizes S, M, L, XL. Age guidance: 13-17 years. Background: Goan beach promenade at sunset."
testiing_image_collection/105.png,https://res.cloudinary.com/dgbmqarp0/image/upload/v1768718917/training_image/106.png,Party,26-35,"Pear Shape, Hourglass","S, M, L","Light, Medium",peplum_set,structured,satin,pastel,Elegant,"Satin peplum set with fitted trousers, flattering the waist for festive dinners. Crafted in satin with a structured profile and a pastel palette suited for Party moments across India. Fits Pear Shape, Hourglass bodies, complements Light, Medium skin tones, and is available in sizes S, M, L. Age guidance: 26-35 years.",,0.674,"Full-body portrait of an Indian female, natural and realistic, head to toe, no other person in the background, wearing: Satin peplum set with fitted trousers, flattering the waist for festive dinners. Crafted in satin with a structured profile and a pastel palette suited for Party moments across India. Fits Pear Shape, Hourglass bodies, complements Light, Medium skin tones, and is available in sizes S, M, L. Age guidance: 26-35 years. Background: lush monsoon garden with stone path."
testiing_image_collection/106.png,https://res.cloudinary.com/dgbmqarp0/image/upload/v1768718916/training_image/107.png,Wedding,18-25,"Hourglass, Inverted Triangle","M, L, XL","Medium, Dusky, Deep",gown,structured,velvet,metallic,Couture,"Velvet evening gown with corseted bodice and sweeping skirt suited for receptions. Crafted in velvet with a structured profile and a metallic palette suited for Wedding moments across India. Fits Hourglass, Inverted Triangle bodies, complements Medium, Dusky, Deep skin tones, and is available in sizes M, L, XL. Age guidance: 18-25 years.",,0.823,"Full-body portrait of an Indian female, natural and realistic, head to toe, no other person in the background, wearing: Velvet evening gown with corseted bodice and sweeping skirt suited for receptions. Crafted in velvet with a structured profile and a metallic palette suited for Wedding moments across India. Fits Hourglass, Inverted Triangle bodies, complements Medium, Dusky, Deep skin tones, and is available in sizes M, L, XL. Age guidance: 18-25 years. Background: minimalist studio with warm lighting."
testiing_image_collection/107.png,https://res.cloudinary.com/dgbmqarp0/image/upload/v1768718915/training_image/108.png,Formal,51+,"Pear Shape, Hourglass","M, L, XL","Light, Medium",palazzo_set,flowing,silk,metallic,Elegant,"Silk palazzo set with a gently flared kurti and airy pants, ideal for Indian formal dinners. Crafted in silk with a flowing profile and a metallic palette suited for Formal moments across India. Fits Pear Shape, Hourglass bodies, complements Light, Medium skin tones, and is available in sizes M, L, XL. Age guidance: 51+ years.",,0.59,"Full-body portrait of an Indian female, natural and realistic, head to toe, no other person in the background, wearing: Silk palazzo set with a gently flared kurti and airy pants, ideal for Indian formal dinners. Crafted in silk with a flowing profile and a metallic palette suited for Formal moments across India. Fits Pear Shape, Hourglass bodies, complements Light, Medium skin tones, and is available in sizes M, L, XL. Age guidance: 51+ years. Background: luxury hotel lobby with marble floor."
testiing_image_collection/108.png,https://res.cloudinary.com/dgbmqarp0/image/upload/v1768718914/training_image/109.png,Formal,26-35,"Pear Shape, Hourglass","M, L, XL","Light, Medium",palazzo_set,flowing,silk,pastel,Elegant,"Silk palazzo set with a gently flared kurti and airy pants, ideal for Indian formal dinners. Crafted in silk with a flowing profile and a pastel palette suited for Formal moments across India. Fits Pear Shape, Hourglass bodies, complements Light, Medium skin tones, and is available in sizes M, L, XL. Age guidance: 26-35 years.",,0.635,"Full-body portrait of an Indian female, natural and realistic, head to toe, no other person in the background, wearing: Silk palazzo set with a gently flared kurti and airy pants, ideal for Indian formal dinners. Crafted in silk with a flowing profile and a pastel palette suited for Formal moments across India. Fits Pear Shape, Hourglass bodies, complements Light, Medium skin tones, and is available in sizes M, L, XL. Age guidance: 26-35 years. Background: old city street with pastel walls."
testiing_image_collection/109.png,https://res.cloudinary.com/dgbmqarp0/image/upload/v1768718913/training_image/110.png,Formal,13-17,"Rectangle, Inverted Triangle","M, L, XL, XXL","Medium, Dusky, Deep",kurta_jacket_set,structured,velvet,jewel,Traditional Luxury,"Velvet kurta with a longline jacket for winter formals and cultural events. Crafted in velvet with a structured profile and a jewel palette suited for Formal moments across India. Fits Rectangle, Inverted Triangle bodies, complements Medium, Dusky, Deep skin tones, and is available in sizes M, L, XL, XXL. Age guidance: 13-17 years.",,0.39,"Full-body portrait of an Indian female, natural and realistic, head to toe, no other person in the background, wearing: Velvet kurta with a longline jacket for winter formals and cultural events. Crafted in velvet with a structured profile and a jewel palette suited for Formal moments across India. Fits Rectangle, Inverted Triangle bodies, complements Medium, Dusky, Deep skin tones, and is available in sizes M, L, XL, XXL. Age guidance: 13-17 years. Background: resort poolside deck with cabanas."
testiing_image_collection/110.png,https://res.cloudinary.com/dgbmqarp0/image/upload/v1768718912/training_image/111.png,Party,18-25,"Hourglass, Rectangle","S, M, L","Light, Medium",lace_dress,slim,lace,pastel,Elegant,"Delicate lace dress with slip lining and side slit for evening receptions. Crafted in lace with a slim profile and a pastel palette suited for Party moments across India. Fits Hourglass, Rectangle bodies, complements Light, Medium skin tones, and is available in sizes S, M, L. Age guidance: 18-25 years.",,0.584,"Full-body portrait of an Indian female, natural and realistic, head to toe, no other person in the background, wearing: Delicate lace dress with slip lining and side slit for evening receptions. Crafted in lace with a slim profile and a pastel palette suited for Party moments across India. Fits Hourglass, Rectangle bodies, complements Light, Medium skin tones, and is available in sizes S, M, L. Age guidance: 18-25 years. Background: art gallery interior with soft spotlights."
testiing_image_collection/111.png,https://res.cloudinary.com/dgbmqarp0/image/upload/v1768718911/training_image/112.png,Wedding,51+,"Pear Shape, Hourglass, Rectangle","M, L, XL, XXL","Medium, Dusky, Deep",saree,flowing,silk,metallic,Traditional Luxury,"Classic silk saree with hand-detailed borders and fluid pleats tailored for Indian wedding rituals. Crafted in silk with a flowing profile and a metallic palette suited for Wedding moments across India. Fits Pear Shape, Hourglass, Rectangle bodies, complements Medium, Dusky, Deep skin tones, and is available in sizes M, L, XL, XXL. Age guidance: 51+ years.",,0.887,"Full-body portrait of an Indian female, natural and realistic, head to toe, no other person in the background, wearing: Classic silk saree with hand-detailed borders and fluid pleats tailored for Indian wedding rituals. Crafted in silk with a flowing profile and a metallic palette suited for Wedding moments across India. Fits Pear Shape, Hourglass, Rectangle bodies, complements Medium, Dusky, Deep skin tones, and is available in sizes M, L, XL, XXL. Age guidance: 51+ years. Background: heritage haveli courtyard at dusk."
testiing_image_collection/112.png,https://res.cloudinary.com/dgbmqarp0/image/upload/v1768718910/training_image/113.png,Casual luxury,51+,"Rectangle, Pear Shape","S, M, L","Light, Medium",wrap_dress,flowing,chiffon,metallic,Minimal Luxury,"Chiffon wrap dress with adjustable tie, easy to style for brunches and day dates. Crafted in chiffon with a flowing profile and a metallic palette suited for Casual luxury moments across India. Fits Rectangle, Pear Shape bodies, complements Light, Medium skin tones, and is available in sizes S, M, L. Age guidance: 51+ years.",,0.126,"Full-body portrait of an Indian female, natural and realistic, head to toe, no other person in the background, wearing: Chiffon wrap dress with adjustable tie, easy to style for brunches and day dates. Crafted in chiffon with a flowing profile and a metallic palette suited for Casual luxury moments across India. Fits Rectangle, Pear Shape bodies, complements Light, Medium skin tones, and is available in sizes S, M, L. Age guidance: 51+ years. Background: modern Mumbai rooftop lounge at night."
testiing_image_collection/113.png,https://res.cloudinary.com/dgbmqarp0/image/upload/v1768718909/training_image/114.png,Party,13-17,"Pear Shape, Hourglass","S, M, L","Light, Medium",peplum_set,structured,satin,black,Elegant,"Satin peplum set with fitted trousers, flattering the waist for festive dinners. Crafted in satin with a structured profile and a black palette suited for Party moments across India. Fits Pear Shape, Hourglass bodies, complements Light, Medium skin tones, and is available in sizes S, M, L. Age guidance: 13-17 years.",,0.687,"Full-body portrait of an Indian female, natural and realistic, head to toe, no other person in the background, wearing: Satin peplum set with fitted trousers, flattering the waist for festive dinners. Crafted in satin with a structured profile and a black palette suited for Party moments across India. Fits Pear Shape, Hourglass bodies, complements Light, Medium skin tones, and is available in sizes S, M, L. Age guidance: 13-17 years. Background: sunlit Jaipur palace corridor."
testiing_image_collection/114.png,https://res.cloudinary.com/dgbmqarp0/image/upload/v1768718896/training_image/115.png,Wedding,36-50,"Apple Shape, Pear Shape, Hourglass","M, L, XL","Light, Medium, Dusky",anarkali,flowing,chiffon,neutral,Traditional Luxury,"Layered chiffon anarkali with soft ghera and yoke embroidery for festive Indian celebrations. Crafted in chiffon with a flowing profile and a neutral palette suited for Wedding moments across India. Fits Apple Shape, Pear Shape, Hourglass bodies, complements Light, Medium, Dusky skin tones, and is available in sizes M, L, XL. Age guidance: 36-50 years.",,0.623,"Full-body portrait of an Indian female, natural and realistic, head to toe, no other person in the background, wearing: Layered chiffon anarkali with soft ghera and yoke embroidery for festive Indian celebrations. Crafted in chiffon with a flowing profile and a neutral palette suited for Wedding moments across India. Fits Apple Shape, Pear Shape, Hourglass bodies, complements Light, Medium, Dusky skin tones, and is available in sizes M, L, XL. Age guidance: 36-50 years. Background: Goan beach promenade at sunset."
testiing_image_collection/115.png,https://res.cloudinary.com/dgbmqarp0/image/upload/v1768718907/training_image/116.png,Resort,26-35,"Apple Shape, Rectangle, Pear Shape","S, M, L","Light, Medium, Dusky",kaftan,relaxed,silk,metallic,Minimal Luxury,"Silk kaftan with side slits and tassel tie, made for spa days and poolside ease. Crafted in silk with a relaxed profile and a metallic palette suited for Resort moments across India. Fits Apple Shape, Rectangle, Pear Shape bodies, complements Light, Medium, Dusky skin tones, and is available in sizes S, M, L. Age guidance: 26-35 years.",,0.242,"Full-body portrait of an Indian female, natural and realistic, head to toe, no other person in the background, wearing: Silk kaftan with side slits and tassel tie, made for spa days and poolside ease. Crafted in silk with a relaxed profile and a metallic palette suited for Resort moments across India. Fits Apple Shape, Rectangle, Pear Shape bodies, complements Light, Medium, Dusky skin tones, and is available in sizes S, M, L. Age guidance: 26-35 years. Background: lush monsoon garden with stone path."
testiing_image_collection/116.png,https://res.cloudinary.com/dgbmqarp0/image/upload/v1768718907/training_image/117.png,Formal,36-50,"Rectangle, Inverted Triangle","M, L, XL, XXL","Medium, Dusky, Deep",kurta_jacket_set,structured,velvet,neutral,Traditional Luxury,"Velvet kurta with a longline jacket for winter formals and cultural events. Crafted in velvet with a structured profile and a neutral palette suited for Formal moments across India. Fits Rectangle, Inverted Triangle bodies, complements Medium, Dusky, Deep skin tones, and is available in sizes M, L, XL, XXL. Age guidance: 36-50 years.",,0.79,"Full-body portrait of an Indian female, natural and realistic, head to toe, no other person in the background, wearing: Velvet kurta with a longline jacket for winter formals and cultural events. Crafted in velvet with a structured profile and a neutral palette suited for Formal moments across India. Fits Rectangle, Inverted Triangle bodies, complements Medium, Dusky, Deep skin tones, and is available in sizes M, L, XL, XXL. Age guidance: 36-50 years. Background: minimalist studio with warm lighting."
testiing_image_collection/117.png,https://res.cloudinary.com/dgbmqarp0/image/upload/v1768718906/training_image/118.png,Wedding,13-17,"Apple Shape, Pear Shape, Hourglass","M, L, XL","Light, Medium, Dusky",anarkali,flowing,chiffon,jewel,Traditional Luxury,"Layered chiffon anarkali with soft ghera and yoke embroidery for festive Indian celebrations. Crafted in chiffon with a flowing profile and a jewel palette suited for Wedding moments across India. Fits Apple Shape, Pear Shape, Hourglass bodies, complements Light, Medium, Dusky skin tones, and is available in sizes M, L, XL. Age guidance: 13-17 years.",,0.3,"Full-body portrait of an Indian female, natural and realistic, head to toe, no other person in the background, wearing: Layered chiffon anarkali with soft ghera and yoke embroidery for festive Indian celebrations. Crafted in chiffon with a flowing profile and a jewel palette suited for Wedding moments across India. Fits Apple Shape, Pear Shape, Hourglass bodies, complements Light, Medium, Dusky skin tones, and is available in sizes M, L, XL. Age guidance: 13-17 years. Background: luxury hotel lobby with marble floor."
testiing_image_collection/118.png,https://res.cloudinary.com/dgbmqarp0/image/upload/v1768718905/training_image/119.png,Wedding,13-17,"Pear Shape, Apple Shape, Rectangle","S, M, L, XL","Medium, Dusky",sharara_set,relaxed,chiffon,pastel,Traditional Luxury,"Relaxed chiffon sharara set with light zari work and breezy pants made for mehendi comfort. Crafted in chiffon with a relaxed profile and a pastel palette suited for Wedding moments across India. Fits Pear Shape, Apple Shape, Rectangle bodies, complements Medium, Dusky skin tones, and is available in sizes S, M, L, XL. Age guidance: 13-17 years.",,0.255,"Full-body portrait of an Indian female, natural and realistic, head to toe, no other person in the background, wearing: Relaxed chiffon sharara set with light zari work and breezy pants made for mehendi comfort. Crafted in chiffon with a relaxed profile and a pastel palette suited for Wedding moments across India. Fits Pear Shape, Apple Shape, Rectangle bodies, complements Medium, Dusky skin tones, and is available in sizes S, M, L, XL. Age guidance: 13-17 years. Background: old city street with pastel walls."
testiing_image_collection/119.png,https://res.cloudinary.com/dgbmqarp0/image/upload/v1768718903/training_image/120.png,Formal,36-50,"Pear Shape, Hourglass","M, L, XL","Light, Medium",palazzo_set,flowing,silk,jewel,Elegant,"Silk palazzo set with a gently flared kurti and airy pants, ideal for Indian formal dinners. Crafted in silk with a flowing profile and a jewel palette suited for Formal moments across India. Fits Pear Shape, Hourglass bodies, complements Light, Medium skin tones, and is available in sizes M, L, XL. Age guidance: 36-50 years.",,0.61,"Full-body portrait of an Indian female, natural and realistic, head to toe, no other person in the background, wearing: Silk palazzo set with a gently flared kurti and airy pants, ideal for Indian formal dinners. Crafted in silk with a flowing profile and a jewel palette suited for Formal moments across India. Fits Pear Shape, Hourglass bodies, complements Light, Medium skin tones, and is available in sizes M, L, XL. Age guidance: 36-50 years. Background: resort poolside deck with cabanas."
testiing_image_collection/120.png,https://res.cloudinary.com/dgbmqarp0/image/upload/v1768718902/training_image/121.png,Party,26-35,"Inverted Triangle, Rectangle","S, M, L","Medium, Dusky",fusion_gown,structured,satin,neutral,Couture,"Structured satin fusion gown with modern drape lines tailored for Indian cocktail nights. Crafted in satin with a structured profile and a neutral palette suited for Party moments across India. Fits Inverted Triangle, Rectangle bodies, complements Medium, Dusky skin tones, and is available in sizes S, M, L. Age guidance: 26-35 years.",,0.777,"Full-body portrait of an Indian female, natural and realistic, head to toe, no other person in the background, wearing: Structured satin fusion gown with modern drape lines tailored for Indian cocktail nights. Crafted in satin with a structured profile and a neutral palette suited for Party moments across India. Fits Inverted Triangle, Rectangle bodies, complements Medium, Dusky skin tones, and is available in sizes S, M, L. Age guidance: 26-35 years. Background: art gallery interior with soft spotlights."
testiing_image_collection/121.png,https://res.cloudinary.com/dgbmqarp0/image/upload/v1768718900/training_image/122.png,Party,26-35,"Hourglass, Rectangle","S, M, L","Light, Medium",cocktail_dress,slim,satin,black,Elegant,"Satin cocktail dress with a sleek cut and side ruching for evening events. Crafted in satin with a slim profile and a black palette suited for Party moments across India. Fits Hourglass, Rectangle bodies, complements Light, Medium skin tones, and is available in sizes S, M, L. Age guidance: 26-35 years.",,0.642,"Full-body portrait of an Indian female, natural and realistic, head to toe, no other person in the background, wearing: Satin cocktail dress with a sleek cut and side ruching for evening events. Crafted in satin with a slim profile and a black palette suited for Party moments across India. Fits Hourglass, Rectangle bodies, complements Light, Medium skin tones, and is available in sizes S, M, L. Age guidance: 26-35 years. Background: heritage haveli courtyard at dusk."
testiing_image_collection/122.png,https://res.cloudinary.com/dgbmqarp0/image/upload/v1768718899/training_image/124.png,Party,26-35,"Inverted Triangle, Rectangle","M, L, XL","Medium, Dusky",cape_saree,structured,silk,metallic,Couture,"Pre-stitched silk cape saree that adds drama without heavy draping. Crafted in silk with a structured profile and a metallic palette suited for Party moments across India. Fits Inverted Triangle, Rectangle bodies, complements Medium, Dusky skin tones, and is available in sizes M, L, XL. Age guidance: 26-35 years.",,0.848,"Full-body portrait of an Indian female, natural and realistic, head to toe, no other person in the background, wearing: Pre-stitched silk cape saree that adds drama without heavy draping. Crafted in silk with a structured profile and a metallic palette suited for Party moments across India. Fits Inverted Triangle, Rectangle bodies, complements Medium, Dusky skin tones, and is available in sizes M, L, XL. Age guidance: 26-35 years. Background: modern Mumbai rooftop lounge at night."
testiing_image_collection/123.png,https://res.cloudinary.com/dgbmqarp0/image/upload/v1768718897/training_image/125.png,Wedding,36-50,"Pear Shape, Hourglass, Rectangle","M, L, XL, XXL","Medium, Dusky, Deep",saree,flowing,silk,jewel,Traditional Luxury,"Classic silk saree with hand-detailed borders and fluid pleats tailored for Indian wedding rituals. Crafted in silk with a flowing profile and a jewel palette suited for Wedding moments across India. Fits Pear Shape, Hourglass, Rectangle bodies, complements Medium, Dusky, Deep skin tones, and is available in sizes M, L, XL, XXL. Age guidance: 36-50 years.",,0.881,"Full-body portrait of an Indian female, natural and realistic, head to toe, no other person in the background, wearing: Classic silk saree with hand-detailed borders and fluid pleats tailored for Indian wedding rituals. Crafted in silk with a flowing profile and a jewel palette suited for Wedding moments across India. Fits Pear Shape, Hourglass, Rectangle bodies, complements Medium, Dusky, Deep skin tones, and is available in sizes M, L, XL, XXL. Age guidance: 36-50 years. Background: sunlit Jaipur palace corridor."
testiing_image_collection/124.png,https://res.cloudinary.com/dgbmqarp0/image/upload/v1768718906/training_image/118.png,Wedding,18-25,"Apple Shape, Pear Shape, Hourglass","M, L, XL","Light, Medium, Dusky",anarkali,flowing,chiffon,metallic,Traditional Luxury,"Layered chiffon anarkali with soft ghera and yoke embroidery for festive Indian celebrations. Crafted in chiffon with a flowing profile and a metallic palette suited for Wedding moments across India. Fits Apple Shape, Pear Shape, Hourglass bodies, complements Light, Medium, Dusky skin tones, and is available in sizes M, L, XL. Age guidance: 18-25 years.",,0.403,"Full-body portrait of an Indian female, natural and realistic, head to toe, no other person in the background, wearing: Layered chiffon anarkali with soft ghera and yoke embroidery for festive Indian celebrations. Crafted in chiffon with a flowing profile and a metallic palette suited for Wedding moments across India. Fits Apple Shape, Pear Shape, Hourglass bodies, complements Light, Medium, Dusky skin tones, and is available in sizes M, L, XL. Age guidance: 18-25 years. Background: Goan beach promenade at sunset."
testiing_image_collection/125.png,https://res.cloudinary.com/dgbmqarp0/image/upload/v1768718915/training_image/108.png,Casual luxury,26-35,"Apple Shape, Rectangle","S, M, L, XL","Light, Medium",tunic_set,relaxed,linen,neutral,Elegant,"Linen tunic set with high-low hem and slim pants for easy daytime polish. Crafted in linen with a relaxed profile and a neutral palette suited for Casual luxury moments across India. Fits Apple Shape, Rectangle bodies, complements Light, Medium skin tones, and is available in sizes S, M, L, XL. Age guidance: 26-35 years.",,0.358,"Full-body portrait of an Indian female, natural and realistic, head to toe, no other person in the background, wearing: Linen tunic set with high-low hem and slim pants for easy daytime polish. Crafted in linen with a relaxed profile and a neutral palette suited for Casual luxury moments across India. Fits Apple Shape, Rectangle bodies, complements Light, Medium skin tones, and is available in sizes S, M, L, XL. Age guidance: 26-35 years. Background: lush monsoon garden with stone path."
train_image/01.png,https://res.cloudinary.com/dgbmqarp0/image/upload/v1768718517/training_image/01.png,Formal,13-17,"Rectangle, Inverted Triangle","S, M, L","Light, Medium",blazer_dress,structured,satin,pastel,Minimal Luxury,"Satin blazer dress with sharp lapels and waist definition for boardroom-to-dinner dressing. Crafted in satin with a structured profile and a pastel palette suited for Formal moments across India. Fits Rectangle, Inverted Triangle bodies, complements Light, Medium skin tones, and is available in sizes S, M, L. Age guidance: 13-17 years.",,0.565,"Full-body portrait of an Indian female, natural and realistic, head to toe, no other person in the background, wearing: Satin blazer dress with sharp lapels and waist definition for boardroom-to-dinner dressing. Crafted in satin with a structured profile and a pastel palette suited for Formal moments across India. Fits Rectangle, Inverted Triangle bodies, complements Light, Medium skin tones, and is available in sizes S, M, L. Age guidance: 13-17 years. Background: heritage haveli courtyard at dusk."
train_image/02.png,https://res.cloudinary.com/dgbmqarp0/image/upload/v1768718516/training_image/02.png,Formal,51+,"Rectangle, Inverted Triangle","S, M, L","Light, Medium",blazer_dress,structured,satin,neutral,Minimal Luxury,"Satin blazer dress with sharp lapels and waist definition for boardroom-to-dinner dressing. Crafted in satin with a structured profile and a neutral palette suited for Formal moments across India. Fits Rectangle, Inverted Triangle bodies, complements Light, Medium skin tones, and is available in sizes S, M, L. Age guidance: 51+ years.",,0.203,"Full-body portrait of an Indian female, natural and realistic, head to toe, no other person in the background, wearing: Satin blazer dress with sharp lapels and waist definition for boardroom-to-dinner dressing. Crafted in satin with a structured profile and a neutral palette suited for Formal moments across India. Fits Rectangle, Inverted Triangle bodies, complements Light, Medium skin tones, and is available in sizes S, M, L. Age guidance: 51+ years. Background: modern Mumbai rooftop lounge at night."
train_image/03.png,https://res.cloudinary.com/dgbmqarp0/image/upload/v1768718515/training_image/03.png,Party,51+,"Inverted Triangle, Rectangle","M, L, XL","Medium, Dusky",cape_saree,structured,silk,neutral,Couture,"Pre-stitched silk cape saree that adds drama without heavy draping. Crafted in silk with a structured profile and a neutral palette suited for Party moments across India. Fits Inverted Triangle, Rectangle bodies, complements Medium, Dusky skin tones, and is available in sizes M, L, XL. Age guidance: 51+ years.",,0.842,"Full-body portrait of an Indian female, natural and realistic, head to toe, no other person in the background, wearing: Pre-stitched silk cape saree that adds drama without heavy draping. Crafted in silk with a structured profile and a neutral palette suited for Party moments across India. Fits Inverted Triangle, Rectangle bodies, complements Medium, Dusky skin tones, and is available in sizes M, L, XL. Age guidance: 51+ years. Background: sunlit Jaipur palace corridor."
train_image/04.png,https://res.cloudinary.com/dgbmqarp0/image/upload/v1768718514/training_image/04.png,Wedding,13-17,"Hourglass, Pear Shape","M, L, XL, XXL","Medium, Dusky, Deep",lehenga_set,structured,silk,metallic,Traditional Luxury,"Structured silk lehenga set with a supportive blouse and ample flare suited to sangeet and pheras. Crafted in silk with a structured profile and a metallic palette suited for Wedding moments across India. Fits Hourglass, Pear Shape bodies, complements Medium, Dusky, Deep skin tones, and is available in sizes M, L, XL, XXL. Age guidance: 13-17 years.",,0.719,"Full-body portrait of an Indian female, natural and realistic, head to toe, no other person in the background, wearing: Structured silk lehenga set with a supportive blouse and ample flare suited to sangeet and pheras. Crafted in silk with a structured profile and a metallic palette suited for Wedding moments across India. Fits Hourglass, Pear Shape bodies, complements Medium, Dusky, Deep skin tones, and is available in sizes M, L, XL, XXL. Age guidance: 13-17 years. Background: Goan beach promenade at sunset."
train_image/05.png,https://res.cloudinary.com/dgbmqarp0/image/upload/v1768718512/training_image/05.png,Resort,36-50,"Apple Shape, Rectangle, Pear Shape","S, M, L","Light, Medium, Dusky",kaftan,relaxed,silk,black,Minimal Luxury,"Silk kaftan with side slits and tassel tie, made for spa days and poolside ease. Crafted in silk with a relaxed profile and a black palette suited for Resort moments across India. Fits Apple Shape, Rectangle, Pear Shape bodies, complements Light, Medium, Dusky skin tones, and is available in sizes S, M, L. Age guidance: 36-50 years.",,0.171,"Full-body portrait of an Indian female, natural and realistic, head to toe, no other person in the background, wearing: Silk kaftan with side slits and tassel tie, made for spa days and poolside ease. Crafted in silk with a relaxed profile and a black palette suited for Resort moments across India. Fits Apple Shape, Rectangle, Pear Shape bodies, complements Light, Medium, Dusky skin tones, and is available in sizes S, M, L. Age guidance: 36-50 years. Background: lush monsoon garden with stone path."
train_image/img006.jpg,https://res.cloudinary.com/dgbmqarp0/image/upload/v1768718509/training_image/06.png,Casual luxury,13-17,"Rectangle, Pear Shape","S, M, L","Light, Medium",wrap_dress,flowing,chiffon,black,Minimal Luxury,"Chiffon wrap dress with adjustable tie, easy to style for brunches and day dates. Crafted in chiffon with a flowing profile and a black palette suited for Casual luxury moments across India. Fits Rectangle, Pear Shape bodies, complements Light, Medium skin tones, and is available in sizes S, M, L. Age guidance: 13-17 years.",,0.326,"Full-body portrait of an Indian female, natural and realistic, head to toe, no other person in the background, wearing: Chiffon wrap dress with adjustable tie, easy to style for brunches and day dates. Crafted in chiffon with a flowing profile and a black palette suited for Casual luxury moments across India. Fits Rectangle, Pear Shape bodies, complements Light, Medium skin tones, and is available in sizes S, M, L. Age guidance: 13-17 years. Background: minimalist studio with warm lighting."
train_image/img007.jpg,https://res.cloudinary.com/dgbmqarp0/image/upload/v1768718509/training_image/07.png,Wedding,18-25,"Pear Shape, Hourglass, Rectangle","M, L, XL, XXL","Medium, Dusky, Deep",saree,flowing,silk,neutral,Traditional Luxury,"Classic silk saree with hand-detailed borders and fluid pleats tailored for Indian wedding rituals. Crafted in silk with a flowing profile and a neutral palette suited for Wedding moments across India. Fits Pear Shape, Hourglass, Rectangle bodies, complements Medium, Dusky, Deep skin tones, and is available in sizes M, L, XL, XXL. Age guidance: 18-25 years.",,0.706,"Full-body portrait of an Indian female, natural and realistic, head to toe, no other person in the background, wearing: Classic silk saree with hand-detailed borders and fluid pleats tailored for Indian wedding rituals. Crafted in silk with a flowing profile and a neutral palette suited for Wedding moments across India. Fits Pear Shape, Hourglass, Rectangle bodies, complements Medium, Dusky, Deep skin tones, and is available in sizes M, L, XL, XXL. Age guidance: 18-25 years. Background: luxury hotel lobby with marble floor."
train_image/img008.jpg,https://res.cloudinary.com/dgbmqarp0/image/upload/v1768718507/training_image/08.png,Casual luxury,51+,"Rectangle, Pear Shape","XS, S, M, L","Light, Medium, Dusky",co_ord_set,structured,linen,black,Minimal Luxury,"Linen co-ord set with a cropped top and tailored trousers for weekend outings. Crafted in linen with a structured profile and a black palette suited for Casual luxury moments across India. Fits Rectangle, Pear Shape bodies, complements Light, Medium, Dusky skin tones, and is available in sizes XS, S, M, L. Age guidance: 51+ years.",,0.145,"Full-body portrait of an Indian female, natural and realistic, head to toe, no other person in the background, wearing: Linen co-ord set with a cropped top and tailored trousers for weekend outings. Crafted in linen with a structured profile and a black palette suited for Casual luxury moments across India. Fits Rectangle, Pear Shape bodies, complements Light, Medium, Dusky skin tones, and is available in sizes XS, S, M, L. Age guidance: 51+ years. Background: old city street with pastel walls."
train_image/img009.jpg,https://res.cloudinary.com/dgbmqarp0/image/upload/v1768718506/training_image/09.png,Wedding,36-50,"Pear Shape, Apple Shape, Rectangle","S, M, L, XL","Medium, Dusky",sharara_set,relaxed,chiffon,black,Traditional Luxury,"Relaxed chiffon sharara set with light zari work and breezy pants made for mehendi comfort. Crafted in chiffon with a relaxed profile and a black palette suited for Wedding moments across India. Fits Pear Shape, Apple Shape, Rectangle bodies, complements Medium, Dusky skin tones, and is available in sizes S, M, L, XL. Age guidance: 36-50 years.",,0.552,"Full-body portrait of an Indian female, natural and realistic, head to toe, no other person in the background, wearing: Relaxed chiffon sharara set with light zari work and breezy pants made for mehendi comfort. Crafted in chiffon with a relaxed profile and a black palette suited for Wedding moments across India. Fits Pear Shape, Apple Shape, Rectangle bodies, complements Medium, Dusky skin tones, and is available in sizes S, M, L, XL. Age guidance: 36-50 years. Background: resort poolside deck with cabanas."
train_image/img010.jpg,https://res.cloudinary.com/dgbmqarp0/image/upload/v1768718505/training_image/10.png,Party,36-50,"Pear Shape, Hourglass","S, M, L","Light, Medium",peplum_set,structured,satin,jewel,Elegant,"Satin peplum set with fitted trousers, flattering the waist for festive dinners. Crafted in satin with a structured profile and a jewel palette suited for Party moments across India. Fits Pear Shape, Hourglass bodies, complements Light, Medium skin tones, and is available in sizes S, M, L. Age guidance: 36-50 years.",,0.739,"Full-body portrait of an Indian female, natural and realistic, head to toe, no other person in the background, wearing: Satin peplum set with fitted trousers, flattering the waist for festive dinners. Crafted in satin with a structured profile and a jewel palette suited for Party moments across India. Fits Pear Shape, Hourglass bodies, complements Light, Medium skin tones, and is available in sizes S, M, L. Age guidance: 36-50 years. Background: art gallery interior with soft spotlights."
train_image/img011.jpg,https://res.cloudinary.com/dgbmqarp0/image/upload/v1768718504/training_image/11.png,Casual luxury,26-35,"Rectangle, Pear Shape","XS, S, M, L","Light, Medium, Dusky",co_ord_set,structured,linen,jewel,Minimal Luxury,"Linen co-ord set with a cropped top and tailored trousers for weekend outings. Crafted in linen with a structured profile and a jewel palette suited for Casual luxury moments across India. Fits Rectangle, Pear Shape bodies, complements Light, Medium, Dusky skin tones, and is available in sizes XS, S, M, L. Age guidance: 26-35 years.",,0.261,"Full-body portrait of an Indian female, natural and realistic, head to toe, no other person in the background, wearing: Linen co-ord set with a cropped top and tailored trousers for weekend outings. Crafted in linen with a structured profile and a jewel palette suited for Casual luxury moments across India. Fits Rectangle, Pear Shape bodies, complements Light, Medium, Dusky skin tones, and is available in sizes XS, S, M, L. Age guidance: 26-35 years. Background: heritage haveli courtyard at dusk."
train_image/img012.jpg,https://res.cloudinary.com/dgbmqarp0/image/upload/v1768718503/training_image/12.png,Wedding,26-35,"Apple Shape, Pear Shape, Hourglass","M, L, XL","Light, Medium, Dusky",anarkali,flowing,chiffon,black,Traditional Luxury,"Layered chiffon anarkali with soft ghera and yoke embroidery for festive Indian celebrations. Crafted in chiffon with a flowing profile and a black palette suited for Wedding moments across India. Fits Apple Shape, Pear Shape, Hourglass bodies, complements Light, Medium, Dusky skin tones, and is available in sizes M, L, XL. Age guidance: 26-35 years.",,0.558,"Full-body portrait of an Indian female, natural and realistic, head to toe, no other person in the background, wearing: Layered chiffon anarkali with soft ghera and yoke embroidery for festive Indian celebrations. Crafted in chiffon with a flowing profile and a black palette suited for Wedding moments across India. Fits Apple Shape, Pear Shape, Hourglass bodies, complements Light, Medium, Dusky skin tones, and is available in sizes M, L, XL. Age guidance: 26-35 years. Background: modern Mumbai rooftop lounge at night."
train_image/img013.jpg,https://res.cloudinary.com/dgbmqarp0/image/upload/v1768718502/training_image/13.png,Casual luxury,18-25,"Rectangle, Apple Shape","S, M, L, XL","Light, Medium, Dusky",jumpsuit,structured,linen,black,Minimal Luxury,"Tailored linen jumpsuit with a cinched waist built for humid city days. Crafted in linen with a structured profile and a black palette suited for Casual luxury moments across India. Fits Rectangle, Apple Shape bodies, complements Light, Medium, Dusky skin tones, and is available in sizes S, M, L, XL. Age guidance: 18-25 years.",,0.371,"Full-body portrait of an Indian female, natural and realistic, head to toe, no other person in the background, wearing: Tailored linen jumpsuit with a cinched waist built for humid city days. Crafted in linen with a structured profile and a black palette suited for Casual luxury moments across India. Fits Rectangle, Apple Shape bodies, complements Light, Medium, Dusky skin tones, and is available in sizes S, M, L, XL. Age guidance: 18-25 years. Background: sunlit Jaipur palace corridor."
train_image/img014.jpg,https://res.cloudinary.com/dgbmqarp0/image/upload/v1768718501/training_image/14.png,Casual luxury,26-35,"Rectangle, Apple Shape","S, M, L, XL","Light, Medium, Dusky",jumpsuit,structured,linen,neutral,Minimal Luxury,"Tailored linen jumpsuit with a cinched waist built for humid city days. Crafted in linen with a structured profile and a neutral palette suited for Casual luxury moments across India. Fits Rectangle, Apple Shape bodies, complements Light, Medium, Dusky skin tones, and is available in sizes S, M, L, XL. Age guidance: 26-35 years.",,0.268,"Full-body portrait of an Indian female, natural and realistic, head to toe, no other person in the background, wearing: Tailored linen jumpsuit with a cinched waist built for humid city days. Crafted in linen with a structured profile and a neutral palette suited for Casual luxury moments across India. Fits Rectangle, Apple Shape bodies, complements Light, Medium, Dusky skin tones, and is available in sizes S, M, L, XL. Age guidance: 26-35 years. Background: Goan beach promenade at sunset."
train_image/img015.jpg,https://res.cloudinary.com/dgbmqarp0/image/upload/v1768718499/training_image/15.png,Casual luxury,18-25,"Rectangle, Pear Shape","XS, S, M, L","Light, Medium, Dusky",co_ord_set,structured,linen,pastel,Minimal Luxury,"Linen co-ord set with a cropped top and tailored trousers for weekend outings. Crafted in linen with a structured profile and a pastel palette suited for Casual luxury moments across India. Fits Rectangle, Pear Shape bodies, complements Light, Medium, Dusky skin tones, and is available in sizes XS, S, M, L. Age guidance: 18-25 years.",,0.423,"Full-body portrait of an Indian female, natural and realistic, head to toe, no other person in the background, wearing: Linen co-ord set with a cropped top and tailored trousers for weekend outings. Crafted in linen with a structured profile and a pastel palette suited for Casual luxury moments across India. Fits Rectangle, Pear Shape bodies, complements Light, Medium, Dusky skin tones, and is available in sizes XS, S, M, L. Age guidance: 18-25 years. Background: lush monsoon garden with stone path."
train_image/img016.jpg,https://res.cloudinary.com/dgbmqarp0/image/upload/v1768718497/training_image/16.png,Resort,51+,"Rectangle, Pear Shape, Hourglass","XS, S, M, L","Light, Medium, Dusky",maxi_dress,flowing,chiffon,black,Minimal Luxury,"Breezy chiffon maxi dress with tiered hem, designed for coastal getaways and Indian summers. Crafted in chiffon with a flowing profile and a black palette suited for Resort moments across India. Fits Rectangle, Pear Shape, Hourglass bodies, complements Light, Medium, Dusky skin tones, and is available in sizes XS, S, M, L. Age guidance: 51+ years.",,0.152,"Full-body portrait of an Indian female, natural and realistic, head to toe, no other person in the background, wearing: Breezy chiffon maxi dress with tiered hem, designed for coastal getaways and Indian summers. Crafted in chiffon with a flowing profile and a black palette suited for Resort moments across India. Fits Rectangle, Pear Shape, Hourglass bodies, complements Light, Medium, Dusky skin tones, and is available in sizes XS, S, M, L. Age guidance: 51+ years. Background: minimalist studio with warm lighting."
train_image/img017.jpg,https://res.cloudinary.com/dgbmqarp0/image/upload/v1768718496/training_image/17.png,Resort,26-35,"Rectangle, Pear Shape, Hourglass","XS, S, M, L","Light, Medium, Dusky",maxi_dress,flowing,chiffon,jewel,Minimal Luxury,"Breezy chiffon maxi dress with tiered hem, designed for coastal getaways and Indian summers. Crafted in chiffon with a flowing profile and a jewel palette suited for Resort moments across India. Fits Rectangle, Pear Shape, Hourglass bodies, complements Light, Medium, Dusky skin tones, and is available in sizes XS, S, M, L. Age guidance: 26-35 years.",,0.274,"Full-body portrait of an Indian female, natural and realistic, head to toe, no other person in the background, wearing: Breezy chiffon maxi dress with tiered hem, designed for coastal getaways and Indian summers. Crafted in chiffon with a flowing profile and a jewel palette suited for Resort moments across India. Fits Rectangle, Pear Shape, Hourglass bodies, complements Light, Medium, Dusky skin tones, and is available in sizes XS, S, M, L. Age guidance: 26-35 years. Background: luxury hotel lobby with marble floor."
train_image/img018.jpg,https://res.cloudinary.com/dgbmqarp0/image/upload/v1768718495/training_image/18.png,Party,13-17,"Inverted Triangle, Rectangle","M, L, XL","Medium, Dusky",cape_saree,structured,silk,pastel,Couture,"Pre-stitched silk cape saree that adds drama without heavy draping. Crafted in silk with a structured profile and a pastel palette suited for Party moments across India. Fits Inverted Triangle, Rectangle bodies, complements Medium, Dusky skin tones, and is available in sizes M, L, XL. Age guidance: 13-17 years.",,0.513,"Full-body portrait of an Indian female, natural and realistic, head to toe, no other person in the background, wearing: Pre-stitched silk cape saree that adds drama without heavy draping. Crafted in silk with a structured profile and a pastel palette suited for Party moments across India. Fits Inverted Triangle, Rectangle bodies, complements Medium, Dusky skin tones, and is available in sizes M, L, XL. Age guidance: 13-17 years. Background: old city street with pastel walls."
train_image/img019.jpg,https://res.cloudinary.com/dgbmqarp0/image/upload/v1768718493/training_image/19.png,Party,18-25,"Pear Shape, Hourglass","S, M, L","Light, Medium",peplum_set,structured,satin,neutral,Elegant,"Satin peplum set with fitted trousers, flattering the waist for festive dinners. Crafted in satin with a structured profile and a neutral palette suited for Party moments across India. Fits Pear Shape, Hourglass bodies, complements Light, Medium skin tones, and is available in sizes S, M, L. Age guidance: 18-25 years.",,0.655,"Full-body portrait of an Indian female, natural and realistic, head to toe, no other person in the background, wearing: Satin peplum set with fitted trousers, flattering the waist for festive dinners. Crafted in satin with a structured profile and a neutral palette suited for Party moments across India. Fits Pear Shape, Hourglass bodies, complements Light, Medium skin tones, and is available in sizes S, M, L. Age guidance: 18-25 years. Background: resort poolside deck with cabanas."
train_image/img020.jpg,https://res.cloudinary.com/dgbmqarp0/image/upload/v1768718492/training_image/20.png,Party,51+,"Hourglass, Rectangle","S, M, L","Light, Medium",cocktail_dress,slim,satin,pastel,Elegant,"Satin cocktail dress with a sleek cut and side ruching for evening events. Crafted in satin with a slim profile and a pastel palette suited for Party moments across India. Fits Hourglass, Rectangle bodies, complements Light, Medium skin tones, and is available in sizes S, M, L. Age guidance: 51+ years.",,0.519,"Full-body portrait of an Indian female, natural and realistic, head to toe, no other person in the background, wearing: Satin cocktail dress with a sleek cut and side ruching for evening events. Crafted in satin with a slim profile and a pastel palette suited for Party moments across India. Fits Hourglass, Rectangle bodies, complements Light, Medium skin tones, and is available in sizes S, M, L. Age guidance: 51+ years. Background: art gallery interior with soft spotlights."
train_image/img021.jpg,https://res.cloudinary.com/dgbmqarp0/image/upload/v1768718491/training_image/21.png,Party,18-25,"Inverted Triangle, Rectangle","S, M, L","Medium, Dusky",fusion_gown,structured,satin,black,Couture,"Structured satin fusion gown with modern drape lines tailored for Indian cocktail nights. Crafted in satin with a structured profile and a black palette suited for Party moments across India. Fits Inverted Triangle, Rectangle bodies, complements Medium, Dusky skin tones, and is available in sizes S, M, L. Age guidance: 18-25 years.",,0.648,"Full-body portrait of an Indian female, natural and realistic, head to toe, no other person in the background, wearing: Structured satin fusion gown with modern drape lines tailored for Indian cocktail nights. Crafted in satin with a structured profile and a black palette suited for Party moments across India. Fits Inverted Triangle, Rectangle bodies, complements Medium, Dusky skin tones, and is available in sizes S, M, L. Age guidance: 18-25 years. Background: heritage haveli courtyard at dusk."
train_image/img022.jpg,https://res.cloudinary.com/dgbmqarp0/image/upload/v1768718490/training_image/22.png,Formal,13-17,"Apple Shape, Rectangle","S, M, L, XL","Light, Medium, Dusky",kurta_set,relaxed,linen,neutral,Minimal Luxury,"Breathable linen kurta set with straight pants suited for office wear and day events in Indian weather. Crafted in linen with a relaxed profile and a neutral palette suited for Formal moments across India. Fits Apple Shape, Rectangle bodies, complements Light, Medium, Dusky skin tones, and is available in sizes S, M, L, XL. Age guidance: 13-17 years.",,0.41,"Full-body portrait of an Indian female, natural and realistic, head to toe, no other person in the background, wearing: Breathable linen kurta set with straight pants suited for office wear and day events in Indian weather. Crafted in linen with a relaxed profile and a neutral palette suited for Formal moments across India. Fits Apple Shape, Rectangle bodies, complements Light, Medium, Dusky skin tones, and is available in sizes S, M, L, XL. Age guidance: 13-17 years. Background: modern Mumbai rooftop lounge at night."
train_image/img023.jpg,https://res.cloudinary.com/dgbmqarp0/image/upload/v1768718489/training_image/23.png,Party,36-50,"Inverted Triangle, Rectangle","S, M, L","Medium, Dusky",fusion_gown,structured,satin,pastel,Couture,"Structured satin fusion gown with modern drape lines tailored for Indian cocktail nights. Crafted in satin with a structured profile and a pastel palette suited for Party moments across India. Fits Inverted Triangle, Rectangle bodies, complements Medium, Dusky skin tones, and is available in sizes S, M, L. Age guidance: 36-50 years.",,0.803,"Full-body portrait of an Indian female, natural and realistic, head to toe, no other person in the background, wearing: Structured satin fusion gown with modern drape lines tailored for Indian cocktail nights. Crafted in satin with a structured profile and a pastel palette suited for Party moments across India. Fits Inverted Triangle, Rectangle bodies, complements Medium, Dusky skin tones, and is available in sizes S, M, L. Age guidance: 36-50 years. Background: sunlit Jaipur palace corridor."
train_image/img024.jpg,https://res.cloudinary.com/dgbmqarp0/image/upload/v1768718487/training_image/24.png,Party,13-17,"Hourglass, Rectangle","S, M, L","Light, Medium",lace_dress,slim,lace,neutral,Elegant,"Delicate lace dress with slip lining and side slit for evening receptions. Crafted in lace with a slim profile and a neutral palette suited for Party moments across India. Fits Hourglass, Rectangle bodies, complements Light, Medium skin tones, and is available in sizes S, M, L. Age guidance: 13-17 years.",,0.545,"Full-body portrait of an Indian female, natural and realistic, head to toe, no other person in the background, wearing: Delicate lace dress with slip lining and side slit for evening receptions. Crafted in lace with a slim profile and a neutral palette suited for Party moments across India. Fits Hourglass, Rectangle bodies, complements Light, Medium skin tones, and is available in sizes S, M, L. Age guidance: 13-17 years. Background: Goan beach promenade at sunset."
train_image/img025.jpg,https://res.cloudinary.com/dgbmqarp0/image/upload/v1768718486/training_image/25.png,Casual luxury,18-25,"Apple Shape, Rectangle","S, M, L, XL","Light, Medium",tunic_set,relaxed,linen,black,Elegant,"Linen tunic set with high-low hem and slim pants for easy daytime polish. Crafted in linen with a relaxed profile and a black palette suited for Casual luxury moments across India. Fits Apple Shape, Rectangle bodies, complements Light, Medium skin tones, and is available in sizes S, M, L, XL. Age guidance: 18-25 years.",,0.332,"Full-body portrait of an Indian female, natural and realistic, head to toe, no other person in the background, wearing: Linen tunic set with high-low hem and slim pants for easy daytime polish. Crafted in linen with a relaxed profile and a black palette suited for Casual luxury moments across India. Fits Apple Shape, Rectangle bodies, complements Light, Medium skin tones, and is available in sizes S, M, L, XL. Age guidance: 18-25 years. Background: lush monsoon garden with stone path."
train_image/img026.jpg,https://res.cloudinary.com/dgbmqarp0/image/upload/v1768718485/training_image/26.png,Resort,36-50,"Rectangle, Pear Shape, Hourglass","XS, S, M, L","Light, Medium, Dusky",maxi_dress,flowing,chiffon,metallic,Minimal Luxury,"Breezy chiffon maxi dress with tiered hem, designed for coastal getaways and Indian summers. Crafted in chiffon with a flowing profile and a metallic palette suited for Resort moments across India. Fits Rectangle, Pear Shape, Hourglass bodies, complements Light, Medium, Dusky skin tones, and is available in sizes XS, S, M, L. Age guidance: 36-50 years.",,0.223,"Full-body portrait of an Indian female, natural and realistic, head to toe, no other person in the background, wearing: Breezy chiffon maxi dress with tiered hem, designed for coastal getaways and Indian summers. Crafted in chiffon with a flowing profile and a metallic palette suited for Resort moments across India. Fits Rectangle, Pear Shape, Hourglass bodies, complements Light, Medium, Dusky skin tones, and is available in sizes XS, S, M, L. Age guidance: 36-50 years. Background: minimalist studio with warm lighting."
train_image/img027.jpg,https://res.cloudinary.com/dgbmqarp0/image/upload/v1768718484/training_image/27.png,Casual luxury,51+,"Apple Shape, Rectangle","S, M, L, XL","Light, Medium",tunic_set,relaxed,linen,jewel,Elegant,"Linen tunic set with high-low hem and slim pants for easy daytime polish. Crafted in linen with a relaxed profile and a jewel palette suited for Casual luxury moments across India. Fits Apple Shape, Rectangle bodies, complements Light, Medium skin tones, and is available in sizes S, M, L, XL. Age guidance: 51+ years.",,0.313,"Full-body portrait of an Indian female, natural and realistic, head to toe, no other person in the background, wearing: Linen tunic set with high-low hem and slim pants for easy daytime polish. Crafted in linen with a relaxed profile and a jewel palette suited for Casual luxury moments across India. Fits Apple Shape, Rectangle bodies, complements Light, Medium skin tones, and is available in sizes S, M, L, XL. Age guidance: 51+ years. Background: luxury hotel lobby with marble floor."
train_image/img028.jpg,https://res.cloudinary.com/dgbmqarp0/image/upload/v1768718483/training_image/28.png,Formal,18-25,"Pear Shape, Hourglass","M, L, XL","Light, Medium",palazzo_set,flowing,silk,neutral,Elegant,"Silk palazzo set with a gently flared kurti and airy pants, ideal for Indian formal dinners. Crafted in silk with a flowing profile and a neutral palette suited for Formal moments across India. Fits Pear Shape, Hourglass bodies, complements Light, Medium skin tones, and is available in sizes M, L, XL. Age guidance: 18-25 years.",,0.694,"Full-body portrait of an Indian female, natural and realistic, head to toe, no other person in the background, wearing: Silk palazzo set with a gently flared kurti and airy pants, ideal for Indian formal dinners. Crafted in silk with a flowing profile and a neutral palette suited for Formal moments across India. Fits Pear Shape, Hourglass bodies, complements Light, Medium skin tones, and is available in sizes M, L, XL. Age guidance: 18-25 years. Background: old city street with pastel walls."
train_image/img029.jpg,https://res.cloudinary.com/dgbmqarp0/image/upload/v1768718482/training_image/29.png,Formal,51+,"Rectangle, Inverted Triangle","M, L, XL, XXL","Medium, Dusky, Deep",kurta_jacket_set,structured,velvet,pastel,Traditional Luxury,"Velvet kurta with a longline jacket for winter formals and cultural events. Crafted in velvet with a structured profile and a pastel palette suited for Formal moments across India. Fits Rectangle, Inverted Triangle bodies, complements Medium, Dusky, Deep skin tones, and is available in sizes M, L, XL, XXL. Age guidance: 51+ years.",,0.797,"Full-body portrait of an Indian female, natural and realistic, head to toe, no other person in the background, wearing: Velvet kurta with a longline jacket for winter formals and cultural events. Crafted in velvet with a structured profile and a pastel palette suited for Formal moments across India. Fits Rectangle, Inverted Triangle bodies, complements Medium, Dusky, Deep skin tones, and is available in sizes M, L, XL, XXL. Age guidance: 51+ years. Background: resort poolside deck with cabanas."
train_image/img030.jpg,https://res.cloudinary.com/dgbmqarp0/image/upload/v1768718481/training_image/30.png,Party,51+,"Inverted Triangle, Rectangle","S, M, L","Medium, Dusky",fusion_gown,structured,satin,jewel,Couture,"Structured satin fusion gown with modern drape lines tailored for Indian cocktail nights. Crafted in satin with a structured profile and a jewel palette suited for Party moments across India. Fits Inverted Triangle, Rectangle bodies, complements Medium, Dusky skin tones, and is available in sizes S, M, L. Age guidance: 51+ years.",,0.874,"Full-body portrait of an Indian female, natural and realistic, head to toe, no other person in the background, wearing: Structured satin fusion gown with modern drape lines tailored for Indian cocktail nights. Crafted in satin with a structured profile and a jewel palette suited for Party moments across India. Fits Inverted Triangle, Rectangle bodies, complements Medium, Dusky skin tones, and is available in sizes S, M, L. Age guidance: 51+ years. Background: art gallery interior with soft spotlights."
train_image/img031.jpg,https://res.cloudinary.com/dgbmqarp0/image/upload/v1768718480/training_image/31.png,Wedding,51+,"Hourglass, Pear Shape","M, L, XL, XXL","Medium, Dusky, Deep",lehenga_set,structured,silk,jewel,Traditional Luxury,"Structured silk lehenga set with a supportive blouse and ample flare suited to sangeet and pheras. Crafted in silk with a structured profile and a jewel palette suited for Wedding moments across India. Fits Hourglass, Pear Shape bodies, complements Medium, Dusky, Deep skin tones, and is available in sizes M, L, XL, XXL. Age guidance: 51+ years.",,0.894,"Full-body portrait of an Indian female, natural and realistic, head to toe, no other person in the background, wearing: Structured silk lehenga set with a supportive blouse and ample flare suited to sangeet and pheras. Crafted in silk with a structured profile and a jewel palette suited for Wedding moments across India. Fits Hourglass, Pear Shape bodies, complements Medium, Dusky, Deep skin tones, and is available in sizes M, L, XL, XXL. Age guidance: 51+ years. Background: heritage haveli courtyard at dusk."
train_image/img032.jpg,https://res.cloudinary.com/dgbmqarp0/image/upload/v1768718479/training_image/32.png,Resort,18-25,"Rectangle, Pear Shape, Hourglass","XS, S, M, L","Light, Medium, Dusky",maxi_dress,flowing,chiffon,pastel,Minimal Luxury,"Breezy chiffon maxi dress with tiered hem, designed for coastal getaways and Indian summers. Crafted in chiffon with a flowing profile and a pastel palette suited for Resort moments across India. Fits Rectangle, Pear Shape, Hourglass bodies, complements Light, Medium, Dusky skin tones, and is available in sizes XS, S, M, L. Age guidance: 18-25 years.",,0.571,"Full-body portrait of an Indian female, natural and realistic, head to toe, no other person in the background, wearing: Breezy chiffon maxi dress with tiered hem, designed for coastal getaways and Indian summers. Crafted in chiffon with a flowing profile and a pastel palette suited for Resort moments across India. Fits Rectangle, Pear Shape, Hourglass bodies, complements Light, Medium, Dusky skin tones, and is available in sizes XS, S, M, L. Age guidance: 18-25 years. Background: modern Mumbai rooftop lounge at night."
train_image/img033.jpg,https://res.cloudinary.com/dgbmqarp0/image/upload/v1768718477/training_image/33.png,Casual luxury,13-17,"Rectangle, Apple Shape","S, M, L, XL","Light, Medium, Dusky",jumpsuit,structured,linen,metallic,Minimal Luxury,"Tailored linen jumpsuit with a cinched waist built for humid city days. Crafted in linen with a structured profile and a metallic palette suited for Casual luxury moments across India. Fits Rectangle, Apple Shape bodies, complements Light, Medium, Dusky skin tones, and is available in sizes S, M, L, XL. Age guidance: 13-17 years.",,0.474,"Full-body portrait of an Indian female, natural and realistic, head to toe, no other person in the background, wearing: Tailored linen jumpsuit with a cinched waist built for humid city days. Crafted in linen with a structured profile and a metallic palette suited for Casual luxury moments across India. Fits Rectangle, Apple Shape bodies, complements Light, Medium, Dusky skin tones, and is available in sizes S, M, L, XL. Age guidance: 13-17 years. Background: sunlit Jaipur palace corridor."
train_image/img034.jpg,https://res.cloudinary.com/dgbmqarp0/image/upload/v1768718476/training_image/35.png,Wedding,13-17,"Hourglass, Inverted Triangle","M, L, XL","Medium, Dusky, Deep",gown,structured,velvet,jewel,Couture,"Velvet evening gown with corseted bodice and sweeping skirt suited for receptions. Crafted in velvet with a structured profile and a jewel palette suited for Wedding moments across India. Fits Hourglass, Inverted Triangle bodies, complements Medium, Dusky, Deep skin tones, and is available in sizes M, L, XL. Age guidance: 13-17 years.",,0.784,"Full-body portrait of an Indian female, natural and realistic, head to toe, no other person in the background, wearing: Velvet evening gown with corseted bodice and sweeping skirt suited for receptions. Crafted in velvet with a structured profile and a jewel palette suited for Wedding moments across India. Fits Hourglass, Inverted Triangle bodies, complements Medium, Dusky, Deep skin tones, and is available in sizes M, L, XL. Age guidance: 13-17 years. Background: Goan beach promenade at sunset."
train_image/img035.jpg,https://res.cloudinary.com/dgbmqarp0/image/upload/v1768718475/training_image/34.png,Casual luxury,36-50,"Rectangle, Pear Shape","XS, S, M, L","Light, Medium, Dusky",co_ord_set,structured,linen,metallic,Minimal Luxury,"Linen co-ord set with a cropped top and tailored trousers for weekend outings. Crafted in linen with a structured profile and a metallic palette suited for Casual luxury moments across India. Fits Rectangle, Pear Shape bodies, complements Light, Medium, Dusky skin tones, and is available in sizes XS, S, M, L. Age guidance: 36-50 years.",,0.216,"Full-body portrait of an Indian female, natural and realistic, head to toe, no other person in the background, wearing: Linen co-ord set with a cropped top and tailored trousers for weekend outings. Crafted in linen with a structured profile and a metallic palette suited for Casual luxury moments across India. Fits Rectangle, Pear Shape bodies, complements Light, Medium, Dusky skin tones, and is available in sizes XS, S, M, L. Age guidance: 36-50 years. Background: lush monsoon garden with stone path."
train_image/img036.jpg,https://res.cloudinary.com/dgbmqarp0/image/upload/v1768718473/training_image/36.png,Formal,26-35,"Rectangle, Inverted Triangle","S, M, L","Light, Medium",blazer_dress,structured,satin,metallic,Minimal Luxury,"Satin blazer dress with sharp lapels and waist definition for boardroom-to-dinner dressing. Crafted in satin with a structured profile and a metallic palette suited for Formal moments across India. Fits Rectangle, Inverted Triangle bodies, complements Light, Medium skin tones, and is available in sizes S, M, L. Age guidance: 26-35 years.",,0.287,"Full-body portrait of an Indian female, natural and realistic, head to toe, no other person in the background, wearing: Satin blazer dress with sharp lapels and waist definition for boardroom-to-dinner dressing. Crafted in satin with a structured profile and a metallic palette suited for Formal moments across India. Fits Rectangle, Inverted Triangle bodies, complements Light, Medium skin tones, and is available in sizes S, M, L. Age guidance: 26-35 years. Background: minimalist studio with warm lighting."
train_image/img037.jpg,https://res.cloudinary.com/dgbmqarp0/image/upload/v1768718473/training_image/37.png,Party,26-35,"Hourglass, Rectangle","S, M, L","Light, Medium",lace_dress,slim,lace,jewel,Elegant,"Delicate lace dress with slip lining and side slit for evening receptions. Crafted in lace with a slim profile and a jewel palette suited for Party moments across India. Fits Hourglass, Rectangle bodies, complements Light, Medium skin tones, and is available in sizes S, M, L. Age guidance: 26-35 years.",,0.745,"Full-body portrait of an Indian female, natural and realistic, head to toe, no other person in the background, wearing: Delicate lace dress with slip lining and side slit for evening receptions. Crafted in lace with a slim profile and a jewel palette suited for Party moments across India. Fits Hourglass, Rectangle bodies, complements Light, Medium skin tones, and is available in sizes S, M, L. Age guidance: 26-35 years. Background: luxury hotel lobby with marble floor."
train_image/img038.jpg,https://res.cloudinary.com/dgbmqarp0/image/upload/v1768718471/training_image/38.png,Casual luxury,26-35,"Rectangle, Pear Shape","S, M, L","Light, Medium",wrap_dress,flowing,chiffon,pastel,Minimal Luxury,"Chiffon wrap dress with adjustable tie, easy to style for brunches and day dates. Crafted in chiffon with a flowing profile and a pastel palette suited for Casual luxury moments across India. Fits Rectangle, Pear Shape bodies, complements Light, Medium skin tones, and is available in sizes S, M, L. Age guidance: 26-35 years.",,0.229,"Full-body portrait of an Indian female, natural and realistic, head to toe, no other person in the background, wearing: Chiffon wrap dress with adjustable tie, easy to style for brunches and day dates. Crafted in chiffon with a flowing profile and a pastel palette suited for Casual luxury moments across India. Fits Rectangle, Pear Shape bodies, complements Light, Medium skin tones, and is available in sizes S, M, L. Age guidance: 26-35 years. Background: old city street with pastel walls."
train_image/img039.jpg,https://res.cloudinary.com/dgbmqarp0/image/upload/v1768718469/training_image/40.png,Formal,26-35,"Rectangle, Inverted Triangle","M, L, XL, XXL","Medium, Dusky, Deep",kurta_jacket_set,structured,velvet,black,Traditional Luxury,"Velvet kurta with a longline jacket for winter formals and cultural events. Crafted in velvet with a structured profile and a black palette suited for Formal moments across India. Fits Rectangle, Inverted Triangle bodies, complements Medium, Dusky, Deep skin tones, and is available in sizes M, L, XL, XXL. Age guidance: 26-35 years.",,0.81,"Full-body portrait of an Indian female, natural and realistic, head to toe, no other person in the background, wearing: Velvet kurta with a longline jacket for winter formals and cultural events. Crafted in velvet with a structured profile and a black palette suited for Formal moments across India. Fits Rectangle, Inverted Triangle bodies, complements Medium, Dusky, Deep skin tones, and is available in sizes M, L, XL, XXL. Age guidance: 26-35 years. Background: resort poolside deck with cabanas."
train_image/img040.jpg,https://res.cloudinary.com/dgbmqarp0/image/upload/v1768718468/training_image/45.png,Wedding,51+,"Apple Shape, Pear Shape, Hourglass","M, L, XL","Light, Medium, Dusky",anarkali,flowing,chiffon,pastel,Traditional Luxury,"Layered chiffon anarkali with soft ghera and yoke embroidery for festive Indian celebrations. Crafted in chiffon with a flowing profile and a pastel palette suited for Wedding moments across India. Fits Apple Shape, Pear Shape, Hourglass bodies, complements Light, Medium, Dusky skin tones, and is available in sizes M, L, XL. Age guidance: 51+ years.",,0.732,"Full-body portrait of an Indian female, natural and realistic, head to toe, no other person in the background, wearing: Layered chiffon anarkali with soft ghera and yoke embroidery for festive Indian celebrations. Crafted in chiffon with a flowing profile and a pastel palette suited for Wedding moments across India. Fits Apple Shape, Pear Shape, Hourglass bodies, complements Light, Medium, Dusky skin tones, and is available in sizes M, L, XL. Age guidance: 51+ years. Background: art gallery interior with soft spotlights."
train_image/img041.jpg,https://res.cloudinary.com/dgbmqarp0/image/upload/v1768718467/training_image/44.png,Party,36-50,"Hourglass, Rectangle","S, M, L","Light, Medium",cocktail_dress,slim,satin,neutral,Elegant,"Satin cocktail dress with a sleek cut and side ruching for evening events. Crafted in satin with a slim profile and a neutral palette suited for Party moments across India. Fits Hourglass, Rectangle bodies, complements Light, Medium skin tones, and is available in sizes S, M, L. Age guidance: 36-50 years.",,0.487,"Full-body portrait of an Indian female, natural and realistic, head to toe, no other person in the background, wearing: Satin cocktail dress with a sleek cut and side ruching for evening events. Crafted in satin with a slim profile and a neutral palette suited for Party moments across India. Fits Hourglass, Rectangle bodies, complements Light, Medium skin tones, and is available in sizes S, M, L. Age guidance: 36-50 years. Background: heritage haveli courtyard at dusk."
train_image/img042.jpg,https://res.cloudinary.com/dgbmqarp0/image/upload/v1768718466/training_image/43.png,Formal,26-35,"Apple Shape, Rectangle","S, M, L, XL","Light, Medium, Dusky",kurta_set,relaxed,linen,jewel,Minimal Luxury,"Breathable linen kurta set with straight pants suited for office wear and day events in Indian weather. Crafted in linen with a relaxed profile and a jewel palette suited for Formal moments across India. Fits Apple Shape, Rectangle bodies, complements Light, Medium, Dusky skin tones, and is available in sizes S, M, L, XL. Age guidance: 26-35 years.",,0.248,"Full-body portrait of an Indian female, natural and realistic, head to toe, no other person in the background, wearing: Breathable linen kurta set with straight pants suited for office wear and day events in Indian weather. Crafted in linen with a relaxed profile and a jewel palette suited for Formal moments across India. Fits Apple Shape, Rectangle bodies, complements Light, Medium, Dusky skin tones, and is available in sizes S, M, L, XL. Age guidance: 26-35 years. Background: modern Mumbai rooftop lounge at night."
train_image/img043.jpg,https://res.cloudinary.com/dgbmqarp0/image/upload/v1768718465/training_image/41.png,Party,18-25,"Hourglass, Rectangle","S, M, L","Light, Medium",cocktail_dress,slim,satin,metallic,Elegant,"Satin cocktail dress with a sleek cut and side ruching for evening events. Crafted in satin with a slim profile and a metallic palette suited for Party moments across India. Fits Hourglass, Rectangle bodies, complements Light, Medium skin tones, and is available in sizes S, M, L. Age guidance: 18-25 years.",,0.758,"Full-body portrait of an Indian female, natural and realistic, head to toe, no other person in the background, wearing: Satin cocktail dress with a sleek cut and side ruching for evening events. Crafted in satin with a slim profile and a metallic palette suited for Party moments across India. Fits Hourglass, Rectangle bodies, complements Light, Medium skin tones, and is available in sizes S, M, L. Age guidance: 18-25 years. Background: sunlit Jaipur palace corridor."
train_image/img044.jpg,https://res.cloudinary.com/dgbmqarp0/image/upload/v1768718463/training_image/42.png,Formal,36-50,"Rectangle, Inverted Triangle","S, M, L","Light, Medium",blazer_dress,structured,satin,black,Minimal Luxury,"Satin blazer dress with sharp lapels and waist definition for boardroom-to-dinner dressing. Crafted in satin with a structured profile and a black palette suited for Formal moments across India. Fits Rectangle, Inverted Triangle bodies, complements Light, Medium skin tones, and is available in sizes S, M, L. Age guidance: 36-50 years.",,0.281,"Full-body portrait of an Indian female, natural and realistic, head to toe, no other person in the background, wearing: Satin blazer dress with sharp lapels and waist definition for boardroom-to-dinner dressing. Crafted in satin with a structured profile and a black palette suited for Formal moments across India. Fits Rectangle, Inverted Triangle bodies, complements Light, Medium skin tones, and is available in sizes S, M, L. Age guidance: 36-50 years. Background: Goan beach promenade at sunset."
train_image/img045.jpg,https://res.cloudinary.com/dgbmqarp0/image/upload/v1768718462/training_image/46.png,Wedding,18-25,"Pear Shape, Apple Shape, Rectangle","S, M, L, XL","Medium, Dusky",sharara_set,relaxed,chiffon,jewel,Traditional Luxury,"Relaxed chiffon sharara set with light zari work and breezy pants made for mehendi comfort. Crafted in chiffon with a relaxed profile and a jewel palette suited for Wedding moments across India. Fits Pear Shape, Apple Shape, Rectangle bodies, complements Medium, Dusky skin tones, and is available in sizes S, M, L, XL. Age guidance: 18-25 years.",,0.352,"Full-body portrait of an Indian female, natural and realistic, head to toe, no other person in the background, wearing: Relaxed chiffon sharara set with light zari work and breezy pants made for mehendi comfort. Crafted in chiffon with a relaxed profile and a jewel palette suited for Wedding moments across India. Fits Pear Shape, Apple Shape, Rectangle bodies, complements Medium, Dusky skin tones, and is available in sizes S, M, L, XL. Age guidance: 18-25 years. Background: lush monsoon garden with stone path."
train_image/img046.jpg,https://res.cloudinary.com/dgbmqarp0/image/upload/v1768718461/training_image/47.png,Resort,51+,"Apple Shape, Rectangle, Pear Shape","S, M, L","Light, Medium, Dusky",kaftan,relaxed,silk,neutral,Minimal Luxury,"Silk kaftan with side slits and tassel tie, made for spa days and poolside ease. Crafted in silk with a relaxed profile and a neutral palette suited for Resort moments across India. Fits Apple Shape, Rectangle, Pear Shape bodies, complements Light, Medium, Dusky skin tones, and is available in sizes S, M, L. Age guidance: 51+ years.",,0.139,"Full-body portrait of an Indian female, natural and realistic, head to toe, no other person in the background, wearing: Silk kaftan with side slits and tassel tie, made for spa days and poolside ease. Crafted in silk with a relaxed profile and a neutral palette suited for Resort moments across India. Fits Apple Shape, Rectangle, Pear Shape bodies, complements Light, Medium, Dusky skin tones, and is available in sizes S, M, L. Age guidance: 51+ years. Background: minimalist studio with warm lighting."
train_image/img047.jpg,https://res.cloudinary.com/dgbmqarp0/image/upload/v1768718460/training_image/48.png,Wedding,36-50,"Hourglass, Inverted Triangle","M, L, XL","Medium, Dusky, Deep",gown,structured,velvet,neutral,Couture,"Velvet evening gown with corseted bodice and sweeping skirt suited for receptions. Crafted in velvet with a structured profile and a neutral palette suited for Wedding moments across India. Fits Hourglass, Inverted Triangle bodies, complements Medium, Dusky, Deep skin tones, and is available in sizes M, L, XL. Age guidance: 36-50 years.",,0.868,"Full-body portrait of an Indian female, natural and realistic, head to toe, no other person in the background, wearing: Velvet evening gown with corseted bodice and sweeping skirt suited for receptions. Crafted in velvet with a structured profile and a neutral palette suited for Wedding moments across India. Fits Hourglass, Inverted Triangle bodies, complements Medium, Dusky, Deep skin tones, and is available in sizes M, L, XL. Age guidance: 36-50 years. Background: luxury hotel lobby with marble floor."
train_image/img048.jpg,https://res.cloudinary.com/dgbmqarp0/image/upload/v1768718458/training_image/49.png,Wedding,26-35,"Hourglass, Inverted Triangle","M, L, XL","Medium, Dusky, Deep",gown,structured,velvet,black,Couture,"Velvet evening gown with corseted bodice and sweeping skirt suited for receptions. Crafted in velvet with a structured profile and a black palette suited for Wedding moments across India. Fits Hourglass, Inverted Triangle bodies, complements Medium, Dusky, Deep skin tones, and is available in sizes M, L, XL. Age guidance: 26-35 years.",,0.861,"Full-body portrait of an Indian female, natural and realistic, head to toe, no other person in the background, wearing: Velvet evening gown with corseted bodice and sweeping skirt suited for receptions. Crafted in velvet with a structured profile and a black palette suited for Wedding moments across India. Fits Hourglass, Inverted Triangle bodies, complements Medium, Dusky, Deep skin tones, and is available in sizes M, L, XL. Age guidance: 26-35 years. Background: old city street with pastel walls."
train_image/img049.jpg,https://res.cloudinary.com/dgbmqarp0/image/upload/v1768718457/training_image/50.png,Wedding,36-50,"Hourglass, Pear Shape","M, L, XL, XXL","Medium, Dusky, Deep",lehenga_set,structured,silk,pastel,Traditional Luxury,"Structured silk lehenga set with a supportive blouse and ample flare suited to sangeet and pheras. Crafted in silk with a structured profile and a pastel palette suited for Wedding moments across India. Fits Hourglass, Pear Shape bodies, complements Medium, Dusky, Deep skin tones, and is available in sizes M, L, XL, XXL. Age guidance: 36-50 years.",,0.855,"Full-body portrait of an Indian female, natural and realistic, head to toe, no other person in the background, wearing: Structured silk lehenga set with a supportive blouse and ample flare suited to sangeet and pheras. Crafted in silk with a structured profile and a pastel palette suited for Wedding moments across India. Fits Hourglass, Pear Shape bodies, complements Medium, Dusky, Deep skin tones, and is available in sizes M, L, XL, XXL. Age guidance: 36-50 years. Background: resort poolside deck with cabanas."
train_image/img050.jpg,https://res.cloudinary.com/dgbmqarp0/image/upload/v1768718456/training_image/51.png,Party,13-17,"Inverted Triangle, Rectangle","S, M, L","Medium, Dusky",fusion_gown,structured,satin,metallic,Couture,"Structured satin fusion gown with modern drape lines tailored for Indian cocktail nights. Crafted in satin with a structured profile and a metallic palette suited for Party moments across India. Fits Inverted Triangle, Rectangle bodies, complements Medium, Dusky skin tones, and is available in sizes S, M, L. Age guidance: 13-17 years.",,0.668,"Full-body portrait of an Indian female, natural and realistic, head to toe, no other person in the background, wearing: Structured satin fusion gown with modern drape lines tailored for Indian cocktail nights. Crafted in satin with a structured profile and a metallic palette suited for Party moments across India. Fits Inverted Triangle, Rectangle bodies, complements Medium, Dusky skin tones, and is available in sizes S, M, L. Age guidance: 13-17 years. Background: art gallery interior with soft spotlights."
train_image/1.png,https://res.cloudinary.com/dgbmqarp0/image/upload/v1768718454/training_image/52.png,Party,18-25,Rectangle,S,Light,mini_dress,flowing,satin,metallic,Elegant,"A vibrant red satin mini dress with a softly structured bodice and flared hemline that adds volume to a straight silhouette, paired with subtle shimmer heels to create a youthful and energetic party look that feels confident yet playful. Tailored with a flowing fit in satin fabric and a metallic palette for Party occasions. Fits Rectangle shapes, complements Light skin tones, and comes in sizes S. Age guidance: 18-25 years.",,0.435,"Full-body portrait of an Indian female, natural and realistic, head to toe, no other person in the background, wearing: A vibrant red satin mini dress with a softly structured bodice and flared hemline that adds volume to a straight silhouette, paired with subtle shimmer heels to create a youthful and energetic party look that feels confident yet playful. Tailored with a flowing fit in satin fabric and a metallic palette for Party occasions. Fits Rectangle shapes, complements Light skin tones, and comes in sizes S. Age guidance: 18-25 years. Background: heritage haveli courtyard at dusk."
train_image/2.png,https://res.cloudinary.com/dgbmqarp0/image/upload/v1768718453/training_image/53.png,Party,26-35,Pear Shape,M,Medium,gown,flowing,satin,jewel,Elegant,"An emerald green evening gown crafted in smooth satin with a fitted upper body and a flowing A-line skirt that balances wider hips beautifully, creating a flattering and elegant presence ideal for upscale celebrations. Tailored with a flowing fit in satin fabric and a jewel palette for Party occasions. Fits Pear Shape shapes, complements Medium skin tones, and comes in sizes M. Age guidance: 26-35 years.",,0.481,"Full-body portrait of an Indian female, natural and realistic, head to toe, no other person in the background, wearing: An emerald green evening gown crafted in smooth satin with a fitted upper body and a flowing A-line skirt that balances wider hips beautifully, creating a flattering and elegant presence ideal for upscale celebrations. Tailored with a flowing fit in satin fabric and a jewel palette for Party occasions. Fits Pear Shape shapes, complements Medium skin tones, and comes in sizes M. Age guidance: 26-35 years. Background: modern Mumbai rooftop lounge at night."
train_image/3.png,https://res.cloudinary.com/dgbmqarp0/image/upload/v1768718451/training_image/54.png,Formal,26-35,Apple Shape,L,Dusky,blazer_dress,structured,silk,jewel,Elegant,"A navy blue tailored blazer dress with clean vertical lines and a softly cinched waist that adds definition while maintaining comfort, offering a polished and authoritative style perfect for formal business dinners. Tailored with a structured fit in silk fabric and a jewel palette for Formal occasions. Fits Apple Shape shapes, complements Dusky skin tones, and comes in sizes L. Age guidance: 26-35 years.",,0.455,"Full-body portrait of an Indian female, natural and realistic, head to toe, no other person in the background, wearing: A navy blue tailored blazer dress with clean vertical lines and a softly cinched waist that adds definition while maintaining comfort, offering a polished and authoritative style perfect for formal business dinners. Tailored with a structured fit in silk fabric and a jewel palette for Formal occasions. Fits Apple Shape shapes, complements Dusky skin tones, and comes in sizes L. Age guidance: 26-35 years. Background: sunlit Jaipur palace corridor."
train_image/4.png,https://res.cloudinary.com/dgbmqarp0/image/upload/v1768718450/training_image/55.png,Party,26-35,Hourglass,M,Light,bodycon_dress,slim,silk,black,Elegant,"A classic black bodycon dress featuring a sweetheart neckline and subtle side slit that highlights natural curves gracefully, styled with minimal accessories for a timeless and confident party-ready appearance. Tailored with a slim fit in silk fabric and a black palette for Party occasions. Fits Hourglass shapes, complements Light skin tones, and comes in sizes M. Age guidance: 26-35 years.",,0.397,"Full-body portrait of an Indian female, natural and realistic, head to toe, no other person in the background, wearing: A classic black bodycon dress featuring a sweetheart neckline and subtle side slit that highlights natural curves gracefully, styled with minimal accessories for a timeless and confident party-ready appearance. Tailored with a slim fit in silk fabric and a black palette for Party occasions. Fits Hourglass shapes, complements Light skin tones, and comes in sizes M. Age guidance: 26-35 years. Background: Goan beach promenade at sunset."
train_image/5.png,https://res.cloudinary.com/dgbmqarp0/image/upload/v1768718449/training_image/56.png,Casual luxury,26-35,Rectangle,S,Medium,co_ord_set,relaxed,linen,pastel,Minimal Luxury,"A pastel floral co-ord set made from breathable cotton-blend fabric, designed with a cropped top and high-waisted skirt that adds shape and softness to a straight body frame for relaxed yet refined daytime outings. Tailored with a relaxed fit in linen fabric and a pastel palette for Casual luxury occasions. Fits Rectangle shapes, complements Medium skin tones, and comes in sizes S. Age guidance: 26-35 years.",,0.113,"Full-body portrait of an Indian female, natural and realistic, head to toe, no other person in the background, wearing: A pastel floral co-ord set made from breathable cotton-blend fabric, designed with a cropped top and high-waisted skirt that adds shape and softness to a straight body frame for relaxed yet refined daytime outings. Tailored with a relaxed fit in linen fabric and a pastel palette for Casual luxury occasions. Fits Rectangle shapes, complements Medium skin tones, and comes in sizes S. Age guidance: 26-35 years. Background: lush monsoon garden with stone path."
train_image/6.png,https://res.cloudinary.com/dgbmqarp0/image/upload/v1768718448/training_image/57.png,Casual luxury,18-25,Pear Shape,M,Light,dress,relaxed,silk,neutral,Minimal Luxury,"A soft blush wrap dress with delicate pleats around the waist that accentuates the upper body while allowing the skirt to flow gently over the hips, creating a feminine and airy brunch-ready look. Tailored with a relaxed fit in silk fabric and a neutral palette for Casual luxury occasions. Fits Pear Shape shapes, complements Light skin tones, and comes in sizes M. Age guidance: 18-25 years.",,0.21,"Full-body portrait of an Indian female, natural and realistic, head to toe, no other person in the background, wearing: A soft blush wrap dress with delicate pleats around the waist that accentuates the upper body while allowing the skirt to flow gently over the hips, creating a feminine and airy brunch-ready look. Tailored with a relaxed fit in silk fabric and a neutral palette for Casual luxury occasions. Fits Pear Shape shapes, complements Light skin tones, and comes in sizes M. Age guidance: 18-25 years. Background: minimalist studio with warm lighting."
train_image/7.png,https://res.cloudinary.com/dgbmqarp0/image/upload/v1768718446/training_image/58.png,Formal,36-50,Apple Shape,L,Deep,dress,structured,silk,neutral,Elegant,"A charcoal grey power suit with a longline blazer and straight-leg trousers that elongate the frame and create a streamlined silhouette, offering both confidence and comfort for professional evening events. Tailored with a structured fit in silk fabric and a neutral palette for Formal occasions. Fits Apple Shape shapes, complements Deep skin tones, and comes in sizes L. Age guidance: 36-50 years.",,0.384,"Full-body portrait of an Indian female, natural and realistic, head to toe, no other person in the background, wearing: A charcoal grey power suit with a longline blazer and straight-leg trousers that elongate the frame and create a streamlined silhouette, offering both confidence and comfort for professional evening events. Tailored with a structured fit in silk fabric and a neutral palette for Formal occasions. Fits Apple Shape shapes, complements Deep skin tones, and comes in sizes L. Age guidance: 36-50 years. Background: luxury hotel lobby with marble floor."
train_image/8.png,https://res.cloudinary.com/dgbmqarp0/image/upload/v1768718445/training_image/59.png,Party,26-35,Hourglass,M,Medium,mini_dress,structured,silk,metallic,Elegant,"A shimmering gold sequin mini dress designed with a tailored waist and soft stretch fabric that hugs natural curves effortlessly, making it a bold yet tasteful choice for glamorous night parties. Tailored with a structured fit in silk fabric and a metallic palette for Party occasions. Fits Hourglass shapes, complements Medium skin tones, and comes in sizes M. Age guidance: 26-35 years.",,0.661,"Full-body portrait of an Indian female, natural and realistic, head to toe, no other person in the background, wearing: A shimmering gold sequin mini dress designed with a tailored waist and soft stretch fabric that hugs natural curves effortlessly, making it a bold yet tasteful choice for glamorous night parties. Tailored with a structured fit in silk fabric and a metallic palette for Party occasions. Fits Hourglass shapes, complements Medium skin tones, and comes in sizes M. Age guidance: 26-35 years. Background: old city street with pastel walls."
train_image/9.png,https://res.cloudinary.com/dgbmqarp0/image/upload/v1768718443/training_image/60.png,Formal,36-50,Rectangle,L,Dusky,kurta_set,structured,silk,jewel,Elegant,"An ivory kurta set paired with straight-fit pants and subtle thread embroidery that adds texture without bulk, creating a graceful and dignified outfit for formal daytime occasions. Tailored with a structured fit in silk fabric and a jewel palette for Formal occasions. Fits Rectangle shapes, complements Dusky skin tones, and comes in sizes L. Age guidance: 36-50 years.",,0.377,"Full-body portrait of an Indian female, natural and realistic, head to toe, no other person in the background, wearing: An ivory kurta set paired with straight-fit pants and subtle thread embroidery that adds texture without bulk, creating a graceful and dignified outfit for formal daytime occasions. Tailored with a structured fit in silk fabric and a jewel palette for Formal occasions. Fits Rectangle shapes, complements Dusky skin tones, and comes in sizes L. Age guidance: 36-50 years. Background: resort poolside deck with cabanas."
train_image/10.png,https://res.cloudinary.com/dgbmqarp0/image/upload/v1768718442/training_image/61.png,Party,18-25,Pear Shape,S,Light,dress,flowing,silk,jewel,Elegant,"A sky-blue off-shoulder skater dress with a fitted bodice and flared skirt that highlights the waist and balances wider hips, giving a fun, youthful, and charming party appearance. Tailored with a flowing fit in silk fabric and a jewel palette for Party occasions. Fits Pear Shape shapes, complements Light skin tones, and comes in sizes S. Age guidance: 18-25 years.",,0.577,"Full-body portrait of an Indian female, natural and realistic, head to toe, no other person in the background, wearing: A sky-blue off-shoulder skater dress with a fitted bodice and flared skirt that highlights the waist and balances wider hips, giving a fun, youthful, and charming party appearance. Tailored with a flowing fit in silk fabric and a jewel palette for Party occasions. Fits Pear Shape shapes, complements Light skin tones, and comes in sizes S. Age guidance: 18-25 years. Background: art gallery interior with soft spotlights."
train_image/img_011.jpg,https://res.cloudinary.com/dgbmqarp0/image/upload/v1768718441/training_image/62.png,Formal,26-35,Hourglass,M,Medium,shift_dress,slim,silk,jewel,Elegant,"A maroon sheath dress with a knee-length hem and clean neckline that offers a refined silhouette, paired with classic pumps to deliver an elegant and composed look for formal gatherings. Tailored with a slim fit in silk fabric and a jewel palette for Formal occasions. Fits Hourglass shapes, complements Medium skin tones, and comes in sizes M. Age guidance: 26-35 years.",,0.416,"Full-body portrait of an Indian female, natural and realistic, head to toe, no other person in the background, wearing: A maroon sheath dress with a knee-length hem and clean neckline that offers a refined silhouette, paired with classic pumps to deliver an elegant and composed look for formal gatherings. Tailored with a slim fit in silk fabric and a jewel palette for Formal occasions. Fits Hourglass shapes, complements Medium skin tones, and comes in sizes M. Age guidance: 26-35 years. Background: heritage haveli courtyard at dusk."
train_image/img_012.jpg,https://res.cloudinary.com/dgbmqarp0/image/upload/v1768718440/training_image/63.png,Casual luxury,26-35,Apple Shape,L,Medium,dress,flowing,silk,neutral,Minimal Luxury,"A flowy maxi dress featuring an empire waist and soft abstract prints that draw attention upward while allowing ease around the midsection, creating a relaxed yet stylish weekend outfit. Tailored with a flowing fit in silk fabric and a neutral palette for Casual luxury occasions. Fits Apple Shape shapes, complements Medium skin tones, and comes in sizes L. Age guidance: 26-35 years.",,0.132,"Full-body portrait of an Indian female, natural and realistic, head to toe, no other person in the background, wearing: A flowy maxi dress featuring an empire waist and soft abstract prints that draw attention upward while allowing ease around the midsection, creating a relaxed yet stylish weekend outfit. Tailored with a flowing fit in silk fabric and a neutral palette for Casual luxury occasions. Fits Apple Shape shapes, complements Medium skin tones, and comes in sizes L. Age guidance: 26-35 years. Background: modern Mumbai rooftop lounge at night."
train_image/img_013.jpg,https://res.cloudinary.com/dgbmqarp0/image/upload/v1768718438/training_image/64.png,Casual luxury,18-25,Rectangle,S,Light,jumpsuit,relaxed,linen,neutral,Minimal Luxury,"A crisp white linen jumpsuit with a belted waist and wide-leg cut that adds structure and volume to a straight body frame, delivering a modern and effortlessly chic daytime style. Tailored with a relaxed fit in linen fabric and a neutral palette for Casual luxury occasions. Fits Rectangle shapes, complements Light skin tones, and comes in sizes S. Age guidance: 18-25 years.",,0.19,"Full-body portrait of an Indian female, natural and realistic, head to toe, no other person in the background, wearing: A crisp white linen jumpsuit with a belted waist and wide-leg cut that adds structure and volume to a straight body frame, delivering a modern and effortlessly chic daytime style. Tailored with a relaxed fit in linen fabric and a neutral palette for Casual luxury occasions. Fits Rectangle shapes, complements Light skin tones, and comes in sizes S. Age guidance: 18-25 years. Background: sunlit Jaipur palace corridor."
train_image/img_014.jpg,https://res.cloudinary.com/dgbmqarp0/image/upload/v1768718437/training_image/65.png,Formal,26-35,Pear Shape,M,Dusky,saree,structured,silk,jewel,Elegant,"A deep teal saree paired with a structured blouse that emphasizes the shoulders and neckline, allowing the drape to fall gracefully over the hips for a poised and confident formal look. Tailored with a structured fit in silk fabric and a jewel palette for Formal occasions. Fits Pear Shape shapes, complements Dusky skin tones, and comes in sizes M. Age guidance: 26-35 years.",,0.448,"Full-body portrait of an Indian female, natural and realistic, head to toe, no other person in the background, wearing: A deep teal saree paired with a structured blouse that emphasizes the shoulders and neckline, allowing the drape to fall gracefully over the hips for a poised and confident formal look. Tailored with a structured fit in silk fabric and a jewel palette for Formal occasions. Fits Pear Shape shapes, complements Dusky skin tones, and comes in sizes M. Age guidance: 26-35 years. Background: Goan beach promenade at sunset."
train_image/img_015.jpg,https://res.cloudinary.com/dgbmqarp0/image/upload/v1768718436/training_image/66.png,Party,36-50,Hourglass,L,Deep,gown,slim,velvet,jewel,Elegant,"A rich wine-colored velvet gown with long sleeves and a defined waist that highlights curves beautifully, offering a luxurious and dramatic appearance for high-profile evening events. Tailored with a slim fit in velvet fabric and a jewel palette for Party occasions. Fits Hourglass shapes, complements Deep skin tones, and comes in sizes L. Age guidance: 36-50 years.",,0.629,"Full-body portrait of an Indian female, natural and realistic, head to toe, no other person in the background, wearing: A rich wine-colored velvet gown with long sleeves and a defined waist that highlights curves beautifully, offering a luxurious and dramatic appearance for high-profile evening events. Tailored with a slim fit in velvet fabric and a jewel palette for Party occasions. Fits Hourglass shapes, complements Deep skin tones, and comes in sizes L. Age guidance: 36-50 years. Background: lush monsoon garden with stone path."
train_image/img_016.jpg,https://res.cloudinary.com/dgbmqarp0/image/upload/v1768718435/training_image/67.png,Party,18-25,Rectangle,S,Medium,dress,flowing,chiffon,neutral,Elegant,"A sunshine-yellow fit-and-flare dress made from soft georgette that adds movement and shape to a straight silhouette, creating a cheerful and vibrant party-ready outfit. Tailored with a flowing fit in chiffon fabric and a neutral palette for Party occasions. Fits Rectangle shapes, complements Medium skin tones, and comes in sizes S. Age guidance: 18-25 years.",,0.197,"Full-body portrait of an Indian female, natural and realistic, head to toe, no other person in the background, wearing: A sunshine-yellow fit-and-flare dress made from soft georgette that adds movement and shape to a straight silhouette, creating a cheerful and vibrant party-ready outfit. Tailored with a flowing fit in chiffon fabric and a neutral palette for Party occasions. Fits Rectangle shapes, complements Medium skin tones, and comes in sizes S. Age guidance: 18-25 years. Background: minimalist studio with warm lighting."
train_image/img_017.jpg,https://res.cloudinary.com/dgbmqarp0/image/upload/v1768718434/training_image/68.png,Formal,26-35,Pear Shape,M,Light,dress,structured,silk,neutral,Elegant,"A grey midi dress with a softly cinched waist and gentle pleats that balance proportions and deliver a professional yet approachable look for office formals. Tailored with a structured fit in silk fabric and a neutral palette for Formal occasions. Fits Pear Shape shapes, complements Light skin tones, and comes in sizes M. Age guidance: 26-35 years.",,0.461,"Full-body portrait of an Indian female, natural and realistic, head to toe, no other person in the background, wearing: A grey midi dress with a softly cinched waist and gentle pleats that balance proportions and deliver a professional yet approachable look for office formals. Tailored with a structured fit in silk fabric and a neutral palette for Formal occasions. Fits Pear Shape shapes, complements Light skin tones, and comes in sizes M. Age guidance: 26-35 years. Background: luxury hotel lobby with marble floor."
train_image/img_018.jpg,https://res.cloudinary.com/dgbmqarp0/image/upload/v1768718432/training_image/69.png,Casual luxury,36-50,Apple Shape,L,Dusky,dress,relaxed,silk,jewel,Minimal Luxury,"A relaxed tunic top paired with straight pants in breathable fabric that prioritizes comfort while maintaining a clean and classy aesthetic for sophisticated everyday wear. Tailored with a relaxed fit in silk fabric and a jewel palette for Casual luxury occasions. Fits Apple Shape shapes, complements Dusky skin tones, and comes in sizes L. Age guidance: 36-50 years.",,0.106,"Full-body portrait of an Indian female, natural and realistic, head to toe, no other person in the background, wearing: A relaxed tunic top paired with straight pants in breathable fabric that prioritizes comfort while maintaining a clean and classy aesthetic for sophisticated everyday wear. Tailored with a relaxed fit in silk fabric and a jewel palette for Casual luxury occasions. Fits Apple Shape shapes, complements Dusky skin tones, and comes in sizes L. Age guidance: 36-50 years. Background: old city street with pastel walls."
train_image/img_019.jpg,https://res.cloudinary.com/dgbmqarp0/image/upload/v1768718431/training_image/70.png,Party,36-50,Hourglass,M,Medium,gown,flowing,silk,metallic,Elegant,"A royal blue off-shoulder gown with a flowing hemline and subtle shimmer that enhances natural curves and creates a striking, confident presence at evening parties. Tailored with a flowing fit in silk fabric and a metallic palette for Party occasions. Fits Hourglass shapes, complements Medium skin tones, and comes in sizes M. Age guidance: 36-50 years.",,0.429,"Full-body portrait of an Indian female, natural and realistic, head to toe, no other person in the background, wearing: A royal blue off-shoulder gown with a flowing hemline and subtle shimmer that enhances natural curves and creates a striking, confident presence at evening parties. Tailored with a flowing fit in silk fabric and a metallic palette for Party occasions. Fits Hourglass shapes, complements Medium skin tones, and comes in sizes M. Age guidance: 36-50 years. Background: resort poolside deck with cabanas."
train_image/img_020.jpg,https://res.cloudinary.com/dgbmqarp0/image/upload/v1768718430/training_image/71.png,Formal,26-35,Rectangle,S,Light,blazer_dress,structured,silk,neutral,Elegant,"A beige blazer dress with sharp tailoring and minimal detailing that adds structure and polish, making it ideal for modern professional settings. Tailored with a structured fit in silk fabric and a neutral palette for Formal occasions. Fits Rectangle shapes, complements Light skin tones, and comes in sizes S. Age guidance: 26-35 years.",,0.468,"Full-body portrait of an Indian female, natural and realistic, head to toe, no other person in the background, wearing: A beige blazer dress with sharp tailoring and minimal detailing that adds structure and polish, making it ideal for modern professional settings. Tailored with a structured fit in silk fabric and a neutral palette for Formal occasions. Fits Rectangle shapes, complements Light skin tones, and comes in sizes S. Age guidance: 26-35 years. Background: art gallery interior with soft spotlights."
train_image/img_021.jpg,https://res.cloudinary.com/dgbmqarp0/image/upload/v1768718429/training_image/72.png,Casual luxury,26-35,Pear Shape,M,Medium,dress,relaxed,silk,jewel,Minimal Luxury,"A printed wrap skirt paired with a fitted solid top that draws attention to the waist and upper body, creating a balanced and stylish outfit for relaxed social outings. Tailored with a relaxed fit in silk fabric and a jewel palette for Casual luxury occasions. Fits Pear Shape shapes, complements Medium skin tones, and comes in sizes M. Age guidance: 26-35 years.",,0.119,"Full-body portrait of an Indian female, natural and realistic, head to toe, no other person in the background, wearing: A printed wrap skirt paired with a fitted solid top that draws attention to the waist and upper body, creating a balanced and stylish outfit for relaxed social outings. Tailored with a relaxed fit in silk fabric and a jewel palette for Casual luxury occasions. Fits Pear Shape shapes, complements Medium skin tones, and comes in sizes M. Age guidance: 26-35 years. Background: heritage haveli courtyard at dusk."
train_image/img_022.jpg,https://res.cloudinary.com/dgbmqarp0/image/upload/v1768718428/training_image/73.png,Formal,36-50,Apple Shape,L,Deep,anarkali,structured,silk,metallic,Elegant,"A dark green anarkali suit adorned with subtle gold accents that flows smoothly from the shoulders, offering elegance and comfort for formal cultural events. Tailored with a structured fit in silk fabric and a metallic palette for Formal occasions. Fits Apple Shape shapes, complements Deep skin tones, and comes in sizes L. Age guidance: 36-50 years.",,0.365,"Full-body portrait of an Indian female, natural and realistic, head to toe, no other person in the background, wearing: A dark green anarkali suit adorned with subtle gold accents that flows smoothly from the shoulders, offering elegance and comfort for formal cultural events. Tailored with a structured fit in silk fabric and a metallic palette for Formal occasions. Fits Apple Shape shapes, complements Deep skin tones, and comes in sizes L. Age guidance: 36-50 years. Background: modern Mumbai rooftop lounge at night."
train_image/img_023.jpg,https://res.cloudinary.com/dgbmqarp0/image/upload/v1768718427/training_image/74.png,Party,18-25,Hourglass,S,Light,dress,slim,silk,metallic,Elegant,"A silver shimmer dress with a sleek fitted cut and delicate straps that enhances curves and brings a bold yet elegant statement to youthful party fashion. Tailored with a slim fit in silk fabric and a metallic palette for Party occasions. Fits Hourglass shapes, complements Light skin tones, and comes in sizes S. Age guidance: 18-25 years.",,0.603,"Full-body portrait of an Indian female, natural and realistic, head to toe, no other person in the background, wearing: A silver shimmer dress with a sleek fitted cut and delicate straps that enhances curves and brings a bold yet elegant statement to youthful party fashion. Tailored with a slim fit in silk fabric and a metallic palette for Party occasions. Fits Hourglass shapes, complements Light skin tones, and comes in sizes S. Age guidance: 18-25 years. Background: sunlit Jaipur palace corridor."
train_image/img_024.jpg,https://res.cloudinary.com/dgbmqarp0/image/upload/v1768718425/training_image/75.png,Formal,26-35,Rectangle,M,Medium,dress,structured,silk,jewel,Elegant,"A powder-blue straight-fit kurti paired with cigarette pants that introduces gentle structure and clean lines, perfect for neat and composed professional wear. Tailored with a structured fit in silk fabric and a jewel palette for Formal occasions. Fits Rectangle shapes, complements Medium skin tones, and comes in sizes M. Age guidance: 26-35 years.",,0.442,"Full-body portrait of an Indian female, natural and realistic, head to toe, no other person in the background, wearing: A powder-blue straight-fit kurti paired with cigarette pants that introduces gentle structure and clean lines, perfect for neat and composed professional wear. Tailored with a structured fit in silk fabric and a jewel palette for Formal occasions. Fits Rectangle shapes, complements Medium skin tones, and comes in sizes M. Age guidance: 26-35 years. Background: Goan beach promenade at sunset."
train_image/img_025.jpg,https://res.cloudinary.com/dgbmqarp0/image/upload/v1768718425/training_image/75.png,Casual luxury,36-50,Pear Shape,L,Dusky,saree,relaxed,linen,pastel,Minimal Luxury,"A soft cotton saree in pastel shades that drapes effortlessly and highlights natural grace, offering a calm and elegant daytime style. Tailored with a relaxed fit in linen fabric and a pastel palette for Casual luxury occasions. Fits Pear Shape shapes, complements Dusky skin tones, and comes in sizes L. Age guidance: 36-50 years.",,0.1,"Full-body portrait of an Indian female, natural and realistic, head to toe, no other person in the background, wearing: A soft cotton saree in pastel shades that drapes effortlessly and highlights natural grace, offering a calm and elegant daytime style. Tailored with a relaxed fit in linen fabric and a pastel palette for Casual luxury occasions. Fits Pear Shape shapes, complements Dusky skin tones, and comes in sizes L. Age guidance: 36-50 years. Background: lush monsoon garden with stone path."
imgA_001,https://res.cloudinary.com/dgbmqarp0/image/upload/v1768719913/training_image/image1.png,Formal,13-17,"rectangle,pear,hourglass,apple","S,M,L","light,medium,dusky",Blazer set,Flattering,Cotton blend,Pastel,Elegant,Good quality formal outfit for Indian female in age group 13-17.,good,0.9,"Full-body portrait of an Indian female, natural and realistic, head to toe. Occasion: Formal. Age: 13-17. Skin tone: light. Body shape: rectangle. Size: M. Outfit: Blazer set. Fabric: Chiffon. Background: suitable formal setting."
imgA_002,https://res.cloudinary.com/dgbmqarp0/image/upload/v1768719910/training_image/image2.png,Formal,18-25,"rectangle,pear,hourglass,apple","S,M,L","light,medium,dusky",Blazer set,Flattering,Cotton blend,Pastel,Elegant,Good quality formal outfit for Indian female in age group 18-25.,good,0.9,"Full-body portrait of an Indian female, natural and realistic, head to toe. Occasion: Formal. Age: 18-25. Skin tone: light. Body shape: rectangle. Size: M. Outfit: Blazer set. Fabric: Cotton blend. Background: suitable formal setting."
imgA_003,https://res.cloudinary.com/dgbmqarp0/image/upload/v1768719908/training_image/image3.png,Formal,26-35,"rectangle,pear,hourglass,apple","S,M,L","light,medium,dusky",Blazer set,Flattering,Cotton blend,Pastel,Elegant,Good quality formal outfit for Indian female in age group 26-35.,good,0.9,"Full-body portrait of an Indian female, natural and realistic, head to toe. Occasion: Formal. Age: 26-35. Skin tone: light. Body shape: rectangle. Size: M. Outfit: Blazer set. Fabric: Cotton blend. Background: suitable formal setting."
imgA_004,https://res.cloudinary.com/dgbmqarp0/image/upload/v1768719906/training_image/image4.png,Formal,36-50,"rectangle,pear,hourglass,apple","S,M,L","light,medium,dusky",Blazer set,Flattering,Cotton blend,Pastel,Elegant,Good quality formal outfit for Indian female in age group 36-50.,good,0.9,"Full-body portrait of an Indian female, natural and realistic, head to toe. Occasion: Formal. Age: 36-50. Skin tone: light. Body shape: rectangle. Size: M. Outfit: Blazer set. Fabric: Cotton blend. Background: suitable formal setting."
imgA_005,https://res.cloudinary.com/dgbmqarp0/image/upload/v1768719901/training_image/image5.png,Formal,51+,"rectangle,pear,hourglass,apple","S,M,L","light,medium,dusky",Blazer set,Flattering,Cotton blend,Pastel,Elegant,Good quality formal outfit for Indian female in age group 51+.,good,0.9,"Full-body portrait of an Indian female, natural and realistic, head to toe. Occasion: Formal. Age: 51+. Skin tone: light. Body shape: rectangle. Size: M. Outfit: Blazer set. Fabric: Cotton blend. Background: suitable formal setting."
imgA_006,https://res.cloudinary.com/dgbmqarp0/image/upload/v1768719898/training_image/image6.png,Party,13-17,"rectangle,pear,hourglass,apple","S,M,L","light,medium,dusky",Cocktail dress,Flattering,Cotton blend,Pastel,Elegant,Good quality party outfit for Indian female in age group 13-17.,good,0.9,"Full-body portrait of an Indian female, natural and realistic, head to toe. Occasion: Party. Age: 13-17. Skin tone: light. Body shape: rectangle. Size: M. Outfit: Cocktail dress. Fabric: Cotton blend. Background: suitable party setting."
imgA_007,https://res.cloudinary.com/dgbmqarp0/image/upload/v1768719889/training_image/image7.png,Party,18-25,"rectangle,pear,hourglass,apple","S,M,L","light,medium,dusky",Cocktail dress,Flattering,Cotton blend,Pastel,Elegant,Good quality party outfit for Indian female in age group 18-25.,good,0.9,"Full-body portrait of an Indian female, natural and realistic, head to toe. Occasion: Party. Age: 18-25. Skin tone: light. Body shape: rectangle. Size: M. Outfit: Cocktail dress. Fabric: Cotton blend. Background: suitable party setting."
imgA_008,https://res.cloudinary.com/dgbmqarp0/image/upload/v1768719885/training_image/image8.png,Party,26-35,"rectangle,pear,hourglass,apple","S,M,L","light,medium,dusky",Cocktail dress,Flattering,Cotton blend,Pastel,Elegant,Good quality party outfit for Indian female in age group 26-35.,good,0.9,"Full-body portrait of an Indian female, natural and realistic, head to toe. Occasion: Party. Age: 26-35. Skin tone: light. Body shape: rectangle. Size: M. Outfit: Cocktail dress. Fabric: Cotton blend. Background: suitable party setting."
imgA_009,https://res.cloudinary.com/dgbmqarp0/image/upload/v1768719878/training_image/image9.png,Party,36-50,"rectangle,pear,hourglass,apple","S,M,L","light,medium,dusky",Cocktail dress,Flattering,Cotton blend,Pastel,Elegant,Good quality party outfit for Indian female in age group 36-50.,good,0.9,"Full-body portrait of an Indian female, natural and realistic, head to toe. Occasion: Party. Age: 36-50. Skin tone: light. Body shape: rectangle. Size: M. Outfit: Cocktail dress. Fabric: Cotton blend. Background: suitable party setting."
imgA_010,https://res.cloudinary.com/dgbmqarp0/image/upload/v1768719875/training_image/image10.png,Party,51+,"rectangle,pear,hourglass,apple","S,M,L","light,medium,dusky",Cocktail dress,Flattering,Cotton blend,Pastel,Elegant,Good quality party outfit for Indian female in age group 51+.,good,0.9,"Full-body portrait of an Indian female, natural and realistic, head to toe. Occasion: Party. Age: 51+. Skin tone: light. Body shape: rectangle. Size: M. Outfit: Cocktail dress. Fabric: Cotton blend. Background: suitable party setting."
imgA_011,https://res.cloudinary.com/dgbmqarp0/image/upload/v1768719872/training_image/image11.png,Wedding,13-17,"rectangle,pear,hourglass,apple","S,M,L","light,medium,dusky",Silk saree,Flattering,Silk,Pastel,Elegant,Good quality wedding outfit for Indian female in age group 13-17.,good,0.9,"Full-body portrait of an Indian female, natural and realistic, head to toe. Occasion: Wedding. Age: 13-17. Skin tone: light. Body shape: rectangle. Size: M. Outfit: Silk saree. Fabric: Cotton blend. Background: suitable wedding setting."
imgA_012,https://res.cloudinary.com/dgbmqarp0/image/upload/v1768719869/training_image/image12.png,Wedding,18-25,"rectangle,pear,hourglass,apple","S,M,L","light,medium,dusky",Silk saree,Flattering,Silk,Pastel,Elegant,Good quality wedding outfit for Indian female in age group 18-25.,good,0.9,"Full-body portrait of an Indian female, natural and realistic, head to toe. Occasion: Wedding. Age: 18-25. Skin tone: light. Body shape: rectangle. Size: M. Outfit: Silk saree. Fabric: Silk. Background: suitable wedding setting."
imgA_013,https://res.cloudinary.com/dgbmqarp0/image/upload/v1768719861/training_image/image13.png,Wedding,26-35,"rectangle,pear,hourglass,apple","S,M,L","light,medium,dusky",Silk saree,Flattering,Silk,Pastel,Elegant,Good quality wedding outfit for Indian female in age group 26-35.,good,0.9,"Full-body portrait of an Indian female, natural and realistic, head to toe. Occasion: Wedding. Age: 26-35. Skin tone: light. Body shape: rectangle. Size: M. Outfit: Silk saree. Fabric: Silk. Background: suitable wedding setting."
imgA_014,https://res.cloudinary.com/dgbmqarp0/image/upload/v1768719858/training_image/image14.png,Wedding,36-50,"rectangle,pear,hourglass,apple","S,M,L","light,medium,dusky",Silk saree,Flattering,Silk,Pastel,Elegant,Good quality wedding outfit for Indian female in age group 36-50.,good,0.9,"Full-body portrait of an Indian female, natural and realistic, head to toe. Occasion: Wedding. Age: 36-50. Skin tone: light. Body shape: rectangle. Size: M. Outfit: Silk saree. Fabric: Silk. Background: suitable wedding setting."
imgA_015,https://res.cloudinary.com/dgbmqarp0/image/upload/v1768719852/training_image/image15.png,Wedding,51+,"rectangle,pear,hourglass,apple","S,M,L","light,medium,dusky",Silk saree,Flattering,Silk,Pastel,Elegant,Good quality wedding outfit for Indian female in age group 51+.,good,0.9,"Full-body portrait of an Indian female, natural and realistic, head to toe. Occasion: Wedding. Age: 51+. Skin tone: light. Body shape: rectangle. Size: M. Outfit: Silk saree. Fabric: Silk. Background: suitable wedding setting."
imgA_016,https://res.cloudinary.com/dgbmqarp0/image/upload/v1768719849/training_image/image16.png,Casual Luxury,13-17,"rectangle,pear,hourglass,apple","S,M,L","light,medium,dusky",Co-ord set,Flattering,Cotton blend,Pastel,Elegant,Good quality casual luxury outfit for Indian female in age group 13-17.,good,0.9,"Full-body portrait of an Indian female, natural and realistic, head to toe. Occasion: Casual Luxury. Age: 13-17. Skin tone: light. Body shape: rectangle. Size: M. Outfit: Co-ord set. Fabric: Silk. Background: suitable casual luxury setting."
imgA_017,https://res.cloudinary.com/dgbmqarp0/image/upload/v1768719836/training_image/image17.png,Casual Luxury,18-25,"rectangle,pear,hourglass,apple","S,M,L","light,medium,dusky",Co-ord set,Flattering,Cotton blend,Pastel,Elegant,Good quality casual luxury outfit for Indian female in age group 18-25.,good,0.9,"Full-body portrait of an Indian female, natural and realistic, head to toe. Occasion: Casual Luxury. Age: 18-25. Skin tone: light. Body shape: rectangle. Size: M. Outfit: Co-ord set. Fabric: Cotton blend. Background: suitable casual luxury setting."
imgA_018,https://res.cloudinary.com/dgbmqarp0/image/upload/v1768719824/training_image/image18.png,Casual Luxury,26-35,"rectangle,pear,hourglass,apple","S,M,L","light,medium,dusky",Co-ord set,Flattering,Cotton blend,Pastel,Elegant,Good quality casual luxury outfit for Indian female in age group 26-35.,good,0.9,"Full-body portrait of an Indian female, natural and realistic, head to toe. Occasion: Casual Luxury. Age: 26-35. Skin tone: light. Body shape: rectangle. Size: M. Outfit: Co-ord set. Fabric: Cotton blend. Background: suitable casual luxury setting."
imgA_019,https://res.cloudinary.com/dgbmqarp0/image/upload/v1768719816/training_image/image19.png,Casual Luxury,36-50,"rectangle,pear,hourglass,apple","S,M,L","light,medium,dusky",Co-ord set,Flattering,Cotton blend,Pastel,Elegant,Good quality casual luxury outfit for Indian female in age group 36-50.,good,0.9,"Full-body portrait of an Indian female, natural and realistic, head to toe. Occasion: Casual Luxury. Age: 36-50. Skin tone: light. Body shape: rectangle. Size: M. Outfit: Co-ord set. Fabric: Cotton blend. Background: suitable casual luxury setting."
imgA_020,https://res.cloudinary.com/dgbmqarp0/image/upload/v1768719814/training_image/image20.png,Casual Luxury,51+,"rectangle,pear,hourglass,apple","S,M,L","light,medium,dusky",Co-ord set,Flattering,Cotton blend,Pastel,Elegant,Good quality casual luxury outfit for Indian female in age group 51+.,good,0.9,"Full-body portrait of an Indian female, natural and realistic, head to toe. Occasion: Casual Luxury. Age: 51+. Skin tone: light. Body shape: rectangle. Size: M. Outfit: Co-ord set. Fabric: Cotton blend. Background: suitable casual luxury setting."
imgA_021,https://res.cloudinary.com/dgbmqarp0/image/upload/v1768719811/training_image/image21.png,Resort,13-17,"rectangle,pear,hourglass,apple","S,M,L","light,medium,dusky",Maxi dress,Flattering,Chiffon,Pastel,Elegant,Good quality resort outfit for Indian female in age group 13-17.,good,0.9,"Full-body portrait of an Indian female, natural and realistic, head to toe. Occasion: Resort. Age: 13-17. Skin tone: light. Body shape: rectangle. Size: M. Outfit: Maxi dress. Fabric: Cotton blend. Background: suitable resort setting."
imgA_022,https://res.cloudinary.com/dgbmqarp0/image/upload/v1768719809/training_image/image22.png,Resort,18-25,"rectangle,pear,hourglass,apple","S,M,L","light,medium,dusky",Maxi dress,Flattering,Chiffon,Pastel,Elegant,Good quality resort outfit for Indian female in age group 18-25.,good,0.9,"Full-body portrait of an Indian female, natural and realistic, head to toe. Occasion: Resort. Age: 18-25. Skin tone: light. Body shape: rectangle. Size: M. Outfit: Maxi dress. Fabric: Chiffon. Background: suitable resort setting."
imgA_023,https://res.cloudinary.com/dgbmqarp0/image/upload/v1768719366/training_image/image23.png,Resort,26-35,"rectangle,pear,hourglass,apple","S,M,L","light,medium,dusky",Maxi dress,Flattering,Chiffon,Pastel,Elegant,Good quality resort outfit for Indian female in age group 26-35.,good,0.9,"Full-body portrait of an Indian female, natural and realistic, head to toe. Occasion: Resort. Age: 26-35. Skin tone: light. Body shape: rectangle. Size: M. Outfit: Maxi dress. Fabric: Chiffon. Background: suitable resort setting."
imgA_024,https://res.cloudinary.com/dgbmqarp0/image/upload/v1768719369/training_image/image24.png,Resort,36-50,"rectangle,pear,hourglass,apple","S,M,L","light,medium,dusky",Maxi dress,Flattering,Chiffon,Pastel,Elegant,Good quality resort outfit for Indian female in age group 36-50.,good,0.9,"Full-body portrait of an Indian female, natural and realistic, head to toe. Occasion: Resort. Age: 36-50. Skin tone: light. Body shape: rectangle. Size: M. Outfit: Maxi dress. Fabric: Chiffon. Background: suitable resort setting."
imgA_025,https://res.cloudinary.com/dgbmqarp0/image/upload/v1768719806/training_image/image25.png,Resort,51+,"rectangle,pear,hourglass,apple","S,M,L","light,medium,dusky",Maxi dress,Flattering,Chiffon,Pastel,Elegant,Good quality resort outfit for Indian female in age group 51+.,good,0.9,"Full-body portrait of an Indian female, natural and realistic, head to toe. Occasion: Resort. Age: 51+. Skin tone: light. Body shape: rectangle. Size: M. Outfit: Maxi dress. Fabric: Chiffon. Background: suitable resort setting."
imgA_026,https://res.cloudinary.com/dgbmqarp0/image/upload/v1768719370/training_image/image26.png,Formal,13-17,"rectangle,pear,hourglass,apple","S,M,L","light,medium,dusky",Blazer set,Average,Cotton blend,Neutral,Basic,Okay quality formal outfit for Indian female in age group 13-17.,okay,0.6,"Full-body portrait of an Indian female, natural and realistic, head to toe. Occasion: Formal. Age: 13-17. Skin tone: light. Body shape: rectangle. Size: M. Outfit: Blazer set. Fabric: Chiffon. Background: suitable formal setting."
imgA_027,https://res.cloudinary.com/dgbmqarp0/image/upload/v1768719798/training_image/image27.png,Formal,18-25,"rectangle,pear,hourglass,apple","S,M,L","light,medium,dusky",Blazer set,Average,Cotton blend,Neutral,Basic,Okay quality formal outfit for Indian female in age group 18-25.,okay,0.6,"Full-body portrait of an Indian female, natural and realistic, head to toe. Occasion: Formal. Age: 18-25. Skin tone: light. Body shape: rectangle. Size: M. Outfit: Blazer set. Fabric: Cotton blend. Background: suitable formal setting."
imgA_028,https://res.cloudinary.com/dgbmqarp0/image/upload/v1768719372/training_image/image28.png,Formal,26-35,"rectangle,pear,hourglass,apple","S,M,L","light,medium,dusky",Blazer set,Average,Cotton blend,Neutral,Basic,Okay quality formal outfit for Indian female in age group 26-35.,okay,0.6,"Full-body portrait of an Indian female, natural and realistic, head to toe. Occasion: Formal. Age: 26-35. Skin tone: light. Body shape: rectangle. Size: M. Outfit: Blazer set. Fabric: Cotton blend. Background: suitable formal setting."
imgA_029,https://res.cloudinary.com/dgbmqarp0/image/upload/v1768719795/training_image/image29.png,Formal,36-50,"rectangle,pear,hourglass,apple","S,M,L","light,medium,dusky",Blazer set,Average,Cotton blend,Neutral,Basic,Okay quality formal outfit for Indian female in age group 36-50.,okay,0.6,"Full-body portrait of an Indian female, natural and realistic, head to toe. Occasion: Formal. Age: 36-50. Skin tone: light. Body shape: rectangle. Size: M. Outfit: Blazer set. Fabric: Cotton blend. Background: suitable formal setting."
imgA_030,https://res.cloudinary.com/dgbmqarp0/image/upload/v1768719788/training_image/image30.png,Formal,51+,"rectangle,pear,hourglass,apple","S,M,L","light,medium,dusky",Blazer set,Average,Cotton blend,Neutral,Basic,Okay quality formal outfit for Indian female in age group 51+.,okay,0.6,"Full-body portrait of an Indian female, natural and realistic, head to toe. Occasion: Formal. Age: 51+. Skin tone: light. Body shape: rectangle. Size: M. Outfit: Blazer set. Fabric: Cotton blend. Background: suitable formal setting."
imgA_031,https://res.cloudinary.com/dgbmqarp0/image/upload/v1768719778/training_image/image31.png,Party,13-17,"rectangle,pear,hourglass,apple","S,M,L","light,medium,dusky",Cocktail dress,Average,Cotton blend,Neutral,Basic,Okay quality party outfit for Indian female in age group 13-17.,okay,0.6,"Full-body portrait of an Indian female, natural and realistic, head to toe. Occasion: Party. Age: 13-17. Skin tone: light. Body shape: rectangle. Size: M. Outfit: Cocktail dress. Fabric: Cotton blend. Background: suitable party setting."
imgA_032,https://res.cloudinary.com/dgbmqarp0/image/upload/v1768719774/training_image/image32.png,Party,18-25,"rectangle,pear,hourglass,apple","S,M,L","light,medium,dusky",Cocktail dress,Average,Cotton blend,Neutral,Basic,Okay quality party outfit for Indian female in age group 18-25.,okay,0.6,"Full-body portrait of an Indian female, natural and realistic, head to toe. Occasion: Party. Age: 18-25. Skin tone: light. Body shape: rectangle. Size: M. Outfit: Cocktail dress. Fabric: Cotton blend. Background: suitable party setting."
imgA_033,https://res.cloudinary.com/dgbmqarp0/image/upload/v1768719771/training_image/image33.png,Party,26-35,"rectangle,pear,hourglass,apple","S,M,L","light,medium,dusky",Cocktail dress,Average,Cotton blend,Neutral,Basic,Okay quality party outfit for Indian female in age group 26-35.,okay,0.6,"Full-body portrait of an Indian female, natural and realistic, head to toe. Occasion: Party. Age: 26-35. Skin tone: light. Body shape: rectangle. Size: M. Outfit: Cocktail dress. Fabric: Cotton blend. Background: suitable party setting."
imgA_034,https://res.cloudinary.com/dgbmqarp0/image/upload/v1768719768/training_image/image34.png,Party,36-50,"rectangle,pear,hourglass,apple","S,M,L","light,medium,dusky",Cocktail dress,Average,Cotton blend,Neutral,Basic,Okay quality party outfit for Indian female in age group 36-50.,okay,0.6,"Full-body portrait of an Indian female, natural and realistic, head to toe. Occasion: Party. Age: 36-50. Skin tone: light. Body shape: rectangle. Size: M. Outfit: Cocktail dress. Fabric: Cotton blend. Background: suitable party setting."
imgA_035,https://res.cloudinary.com/dgbmqarp0/image/upload/v1768719765/training_image/image35.png,Party,51+,"rectangle,pear,hourglass,apple","S,M,L","light,medium,dusky",Cocktail dress,Average,Cotton blend,Neutral,Basic,Okay quality party outfit for Indian female in age group 51+.,okay,0.6,"Full-body portrait of an Indian female, natural and realistic, head to toe. Occasion: Party. Age: 51+. Skin tone: light. Body shape: rectangle. Size: M. Outfit: Cocktail dress. Fabric: Cotton blend. Background: suitable party setting."
imgA_036,https://res.cloudinary.com/dgbmqarp0/image/upload/v1768719763/training_image/image36.png,Wedding,13-17,"rectangle,pear,hourglass,apple","S,M,L","light,medium,dusky",Silk saree,Average,Silk,Neutral,Basic,Okay quality wedding outfit for Indian female in age group 13-17.,okay,0.6,"Full-body portrait of an Indian female, natural and realistic, head to toe. Occasion: Wedding. Age: 13-17. Skin tone: light. Body shape: rectangle. Size: M. Outfit: Silk saree. Fabric: Cotton blend. Background: suitable wedding setting."
imgA_037,https://res.cloudinary.com/dgbmqarp0/image/upload/v1768719760/training_image/image37.png,Wedding,18-25,"rectangle,pear,hourglass,apple","S,M,L","light,medium,dusky",Silk saree,Average,Silk,Neutral,Basic,Okay quality wedding outfit for Indian female in age group 18-25.,okay,0.6,"Full-body portrait of an Indian female, natural and realistic, head to toe. Occasion: Wedding. Age: 18-25. Skin tone: light. Body shape: rectangle. Size: M. Outfit: Silk saree. Fabric: Silk. Background: suitable wedding setting."
imgA_038,https://res.cloudinary.com/dgbmqarp0/image/upload/v1768719757/training_image/image38.png,Wedding,26-35,"rectangle,pear,hourglass,apple","S,M,L","light,medium,dusky",Silk saree,Average,Silk,Neutral,Basic,Okay quality wedding outfit for Indian female in age group 26-35.,okay,0.6,"Full-body portrait of an Indian female, natural and realistic, head to toe. Occasion: Wedding. Age: 26-35. Skin tone: light. Body shape: rectangle. Size: M. Outfit: Silk saree. Fabric: Silk. Background: suitable wedding setting."
imgA_039,https://res.cloudinary.com/dgbmqarp0/image/upload/v1768719754/training_image/image39.png,Wedding,36-50,"rectangle,pear,hourglass,apple","S,M,L","light,medium,dusky",Silk saree,Average,Silk,Neutral,Basic,Okay quality wedding outfit for Indian female in age group 36-50.,okay,0.6,"Full-body portrait of an Indian female, natural and realistic, head to toe. Occasion: Wedding. Age: 36-50. Skin tone: light. Body shape: rectangle. Size: M. Outfit: Silk saree. Fabric: Silk. Background: suitable wedding setting."
imgA_040,https://res.cloudinary.com/dgbmqarp0/image/upload/v1768719745/training_image/image40.png,Wedding,51+,"rectangle,pear,hourglass,apple","S,M,L","light,medium,dusky",Silk saree,Average,Silk,Neutral,Basic,Okay quality wedding outfit for Indian female in age group 51+.,okay,0.6,"Full-body portrait of an Indian female, natural and realistic, head to toe. Occasion: Wedding. Age: 51+. Skin tone: light. Body shape: rectangle. Size: M. Outfit: Silk saree. Fabric: Silk. Background: suitable wedding setting."
imgA_041,https://res.cloudinary.com/dgbmqarp0/image/upload/v1768719737/training_image/image41.png,Casual Luxury,13-17,"rectangle,pear,hourglass,apple","S,M,L","light,medium,dusky",Co-ord set,Average,Cotton blend,Neutral,Basic,Okay quality casual luxury outfit for Indian female in age group 13-17.,okay,0.6,"Full-body portrait of an Indian female, natural and realistic, head to toe. Occasion: Casual Luxury. Age: 13-17. Skin tone: light. Body shape: rectangle. Size: M. Outfit: Co-ord set. Fabric: Silk. Background: suitable casual luxury setting."
imgA_042,https://res.cloudinary.com/dgbmqarp0/image/upload/v1768719733/training_image/image42.png,Casual Luxury,18-25,"rectangle,pear,hourglass,apple","S,M,L","light,medium,dusky",Co-ord set,Average,Cotton blend,Neutral,Basic,Okay quality casual luxury outfit for Indian female in age group 18-25.,okay,0.6,"Full-body portrait of an Indian female, natural and realistic, head to toe. Occasion: Casual Luxury. Age: 18-25. Skin tone: light. Body shape: rectangle. Size: M. Outfit: Co-ord set. Fabric: Cotton blend. Background: suitable casual luxury setting."
imgA_043,https://res.cloudinary.com/dgbmqarp0/image/upload/v1768719730/training_image/image43.png,Casual Luxury,26-35,"rectangle,pear,hourglass,apple","S,M,L","light,medium,dusky",Co-ord set,Average,Cotton blend,Neutral,Basic,Okay quality casual luxury outfit for Indian female in age group 26-35.,okay,0.6,"Full-body portrait of an Indian female, natural and realistic, head to toe. Occasion: Casual Luxury. Age: 26-35. Skin tone: light. Body shape: rectangle. Size: M. Outfit: Co-ord set. Fabric: Cotton blend. Background: suitable casual luxury setting."
imgA_044,https://res.cloudinary.com/dgbmqarp0/image/upload/v1768719728/training_image/image44.png,Casual Luxury,36-50,"rectangle,pear,hourglass,apple","S,M,L","light,medium,dusky",Co-ord set,Average,Cotton blend,Neutral,Basic,Okay quality casual luxury outfit for Indian female in age group 36-50.,okay,0.6,"Full-body portrait of an Indian female, natural and realistic, head to toe. Occasion: Casual Luxury. Age: 36-50. Skin tone: light. Body shape: rectangle. Size: M. Outfit: Co-ord set. Fabric: Cotton blend. Background: suitable casual luxury setting."
imgA_045,https://res.cloudinary.com/dgbmqarp0/image/upload/v1768719725/training_image/image45.png,Casual Luxury,51+,"rectangle,pear,hourglass,apple","S,M,L","light,medium,dusky",Co-ord set,Average,Cotton blend,Neutral,Basic,Okay quality casual luxury outfit for Indian female in age group 51+.,okay,0.6,"Full-body portrait of an Indian female, natural and realistic, head to toe. Occasion: Casual Luxury. Age: 51+. Skin tone: light. Body shape: rectangle. Size: M. Outfit: Co-ord set. Fabric: Cotton blend. Background: suitable casual luxury setting."
imgA_046,https://res.cloudinary.com/dgbmqarp0/image/upload/v1768719723/training_image/image46.png,Resort,13-17,"rectangle,pear,hourglass,apple","S,M,L","light,medium,dusky",Maxi dress,Average,Chiffon,Neutral,Basic,Okay quality resort outfit for Indian female in age group 13-17.,okay,0.6,"Full-body portrait of an Indian female, natural and realistic, head to toe. Occasion: Resort. Age: 13-17. Skin tone: light. Body shape: rectangle. Size: M. Outfit: Maxi dress. Fabric: Cotton blend. Background: suitable resort setting."
imgA_047,https://res.cloudinary.com/dgbmqarp0/image/upload/v1768719720/training_image/image47.png,Resort,18-25,"rectangle,pear,hourglass,apple","S,M,L","light,medium,dusky",Maxi dress,Average,Chiffon,Neutral,Basic,Okay quality resort outfit for Indian female in age group 18-25.,okay,0.6,"Full-body portrait of an Indian female, natural and realistic, head to toe. Occasion: Resort. Age: 18-25. Skin tone: light. Body shape: rectangle. Size: M. Outfit: Maxi dress. Fabric: Chiffon. Background: suitable resort setting."
imgA_048,https://res.cloudinary.com/dgbmqarp0/image/upload/v1768719718/training_image/image48.png,Resort,26-35,"rectangle,pear,hourglass,apple","S,M,L","light,medium,dusky",Maxi dress,Average,Chiffon,Neutral,Basic,Okay quality resort outfit for Indian female in age group 26-35.,okay,0.6,"Full-body portrait of an Indian female, natural and realistic, head to toe. Occasion: Resort. Age: 26-35. Skin tone: light. Body shape: rectangle. Size: M. Outfit: Maxi dress. Fabric: Chiffon. Background: suitable resort setting."
imgA_049,https://res.cloudinary.com/dgbmqarp0/image/upload/v1768719716/training_image/image49.png,Resort,36-50,"rectangle,pear,hourglass,apple","S,M,L","light,medium,dusky",Maxi dress,Average,Chiffon,Neutral,Basic,Okay quality resort outfit for Indian female in age group 36-50.,okay,0.6,"Full-body portrait of an Indian female, natural and realistic, head to toe. Occasion: Resort. Age: 36-50. Skin tone: light. Body shape: rectangle. Size: M. Outfit: Maxi dress. Fabric: Chiffon. Background: suitable resort setting."
imgA_050,https://res.cloudinary.com/dgbmqarp0/image/upload/v1768719714/training_image/image50.png,Resort,51+,"rectangle,pear,hourglass,apple","S,M,L","light,medium,dusky",Maxi dress,Average,Chiffon,Neutral,Basic,Okay quality resort outfit for Indian female in age group 51+.,okay,0.6,"Full-body portrait of an Indian female, natural and realistic, head to toe. Occasion: Resort. Age: 51+. Skin tone: light. Body shape: rectangle. Size: M. Outfit: Maxi dress. Fabric: Chiffon. Background: suitable resort setting."
imgA_051,https://res.cloudinary.com/dgbmqarp0/image/upload/v1768719712/training_image/image51.png,Formal,13-17,"rectangle,pear,hourglass,apple","S,M,L","light,medium,dusky",Blazer set,Poor,Cotton blend,Clashing,Unflattering,Bad quality formal outfit for Indian female in age group 13-17.,bad,0.2,"Full-body portrait of an Indian female, natural and realistic, head to toe. Occasion: Formal. Age: 13-17. Skin tone: light. Body shape: rectangle. Size: M. Outfit: Blazer set. Fabric: Chiffon. Background: suitable formal setting."
imgA_052,https://res.cloudinary.com/dgbmqarp0/image/upload/v1768719710/training_image/image52.png,Formal,18-25,"rectangle,pear,hourglass,apple","S,M,L","light,medium,dusky",Blazer set,Poor,Cotton blend,Clashing,Unflattering,Bad quality formal outfit for Indian female in age group 18-25.,bad,0.2,"Full-body portrait of an Indian female, natural and realistic, head to toe. Occasion: Formal. Age: 18-25. Skin tone: light. Body shape: rectangle. Size: M. Outfit: Blazer set. Fabric: Cotton blend. Background: suitable formal setting."
imgA_053,https://res.cloudinary.com/dgbmqarp0/image/upload/v1768719708/training_image/image53.png,Formal,26-35,"rectangle,pear,hourglass,apple","S,M,L","light,medium,dusky",Blazer set,Poor,Cotton blend,Clashing,Unflattering,Bad quality formal outfit for Indian female in age group 26-35.,bad,0.2,"Full-body portrait of an Indian female, natural and realistic, head to toe. Occasion: Formal. Age: 26-35. Skin tone: light. Body shape: rectangle. Size: M. Outfit: Blazer set. Fabric: Cotton blend. Background: suitable formal setting."
imgA_054,https://res.cloudinary.com/dgbmqarp0/image/upload/v1768719706/training_image/image54.png,Formal,36-50,"rectangle,pear,hourglass,apple","S,M,L","light,medium,dusky",Blazer set,Poor,Cotton blend,Clashing,Unflattering,Bad quality formal outfit for Indian female in age group 36-50.,bad,0.2,"Full-body portrait of an Indian female, natural and realistic, head to toe. Occasion: Formal. Age: 36-50. Skin tone: light. Body shape: rectangle. Size: M. Outfit: Blazer set. Fabric: Cotton blend. Background: suitable formal setting."
imgA_055,https://res.cloudinary.com/dgbmqarp0/image/upload/v1768719702/training_image/image55.png,Formal,51+,"rectangle,pear,hourglass,apple","S,M,L","light,medium,dusky",Blazer set,Poor,Cotton blend,Clashing,Unflattering,Bad quality formal outfit for Indian female in age group 51+.,bad,0.2,"Full-body portrait of an Indian female, natural and realistic, head to toe. Occasion: Formal. Age: 51+. Skin tone: light. Body shape: rectangle. Size: M. Outfit: Blazer set. Fabric: Cotton blend. Background: suitable formal setting."
imgA_056,https://res.cloudinary.com/dgbmqarp0/image/upload/v1768719699/training_image/image56.png,Party,13-17,"rectangle,pear,hourglass,apple","S,M,L","light,medium,dusky",Cocktail dress,Poor,Cotton blend,Clashing,Unflattering,Bad quality party outfit for Indian female in age group 13-17.,bad,0.2,"Full-body portrait of an Indian female, natural and realistic, head to toe. Occasion: Party. Age: 13-17. Skin tone: light. Body shape: rectangle. Size: M. Outfit: Cocktail dress. Fabric: Cotton blend. Background: suitable party setting."
imgA_057,https://res.cloudinary.com/dgbmqarp0/image/upload/v1768719696/training_image/image57.png,Party,18-25,"rectangle,pear,hourglass,apple","S,M,L","light,medium,dusky",Cocktail dress,Poor,Cotton blend,Clashing,Unflattering,Bad quality party outfit for Indian female in age group 18-25.,bad,0.2,"Full-body portrait of an Indian female, natural and realistic, head to toe. Occasion: Party. Age: 18-25. Skin tone: light. Body shape: rectangle. Size: M. Outfit: Cocktail dress. Fabric: Cotton blend. Background: suitable party setting."
imgA_058,https://res.cloudinary.com/dgbmqarp0/image/upload/v1768719694/training_image/image58.png,Party,26-35,"rectangle,pear,hourglass,apple","S,M,L","light,medium,dusky",Cocktail dress,Poor,Cotton blend,Clashing,Unflattering,Bad quality party outfit for Indian female in age group 26-35.,bad,0.2,"Full-body portrait of an Indian female, natural and realistic, head to toe. Occasion: Party. Age: 26-35. Skin tone: light. Body shape: rectangle. Size: M. Outfit: Cocktail dress. Fabric: Cotton blend. Background: suitable party setting."
imgA_059,https://res.cloudinary.com/dgbmqarp0/image/upload/v1768719691/training_image/image59.png,Party,36-50,"rectangle,pear,hourglass,apple","S,M,L","light,medium,dusky",Cocktail dress,Poor,Cotton blend,Clashing,Unflattering,Bad quality party outfit for Indian female in age group 36-50.,bad,0.2,"Full-body portrait of an Indian female, natural and realistic, head to toe. Occasion: Party. Age: 36-50. Skin tone: light. Body shape: rectangle. Size: M. Outfit: Cocktail dress. Fabric: Cotton blend. Background: suitable party setting."
imgA_060,https://res.cloudinary.com/dgbmqarp0/image/upload/v1768719689/training_image/image60.png,Party,51+,"rectangle,pear,hourglass,apple","S,M,L","light,medium,dusky",Cocktail dress,Poor,Cotton blend,Clashing,Unflattering,Bad quality party outfit for Indian female in age group 51+.,bad,0.2,"Full-body portrait of an Indian female, natural and realistic, head to toe. Occasion: Party. Age: 51+. Skin tone: light. Body shape: rectangle. Size: M. Outfit: Cocktail dress. Fabric: Cotton blend. Background: suitable party setting."
imgA_061,https://res.cloudinary.com/dgbmqarp0/image/upload/v1768719415/training_image/image61.png,Wedding,13-17,"rectangle,pear,hourglass,apple","S,M,L","light,medium,dusky",Silk saree,Poor,Silk,Clashing,Unflattering,Bad quality wedding outfit for Indian female in age group 13-17.,bad,0.2,"Full-body portrait of an Indian female, natural and realistic, head to toe. Occasion: Wedding. Age: 13-17. Skin tone: light. Body shape: rectangle. Size: M. Outfit: Silk saree. Fabric: Cotton blend. Background: suitable wedding setting."
imgA_062,https://res.cloudinary.com/dgbmqarp0/image/upload/v1768719413/training_image/image62.png,Wedding,18-25,"rectangle,pear,hourglass,apple","S,M,L","light,medium,dusky",Silk saree,Poor,Silk,Clashing,Unflattering,Bad quality wedding outfit for Indian female in age group 18-25.,bad,0.2,"Full-body portrait of an Indian female, natural and realistic, head to toe. Occasion: Wedding. Age: 18-25. Skin tone: light. Body shape: rectangle. Size: M. Outfit: Silk saree. Fabric: Silk. Background: suitable wedding setting."
imgA_063,https://res.cloudinary.com/dgbmqarp0/image/upload/v1768719410/training_image/image63.png,Wedding,26-35,"rectangle,pear,hourglass,apple","S,M,L","light,medium,dusky",Silk saree,Poor,Silk,Clashing,Unflattering,Bad quality wedding outfit for Indian female in age group 26-35.,bad,0.2,"Full-body portrait of an Indian female, natural and realistic, head to toe. Occasion: Wedding. Age: 26-35. Skin tone: light. Body shape: rectangle. Size: M. Outfit: Silk saree. Fabric: Silk. Background: suitable wedding setting."
imgA_064,https://res.cloudinary.com/dgbmqarp0/image/upload/v1768719408/training_image/image64.png,Wedding,36-50,"rectangle,pear,hourglass,apple","S,M,L","light,medium,dusky",Silk saree,Poor,Silk,Clashing,Unflattering,Bad quality wedding outfit for Indian female in age group 36-50.,bad,0.2,"Full-body portrait of an Indian female, natural and realistic, head to toe. Occasion: Wedding. Age: 36-50. Skin tone: light. Body shape: rectangle. Size: M. Outfit: Silk saree. Fabric: Silk. Background: suitable wedding setting."
imgA_065,https://res.cloudinary.com/dgbmqarp0/image/upload/v1768719405/training_image/image65.png,Wedding,51+,"rectangle,pear,hourglass,apple","S,M,L","light,medium,dusky",Silk saree,Poor,Silk,Clashing,Unflattering,Bad quality wedding outfit for Indian female in age group 51+.,bad,0.2,"Full-body portrait of an Indian female, natural and realistic, head to toe. Occasion: Wedding. Age: 51+. Skin tone: light. Body shape: rectangle. Size: M. Outfit: Silk saree. Fabric: Silk. Background: suitable wedding setting."
imgA_066,https://res.cloudinary.com/dgbmqarp0/image/upload/v1768719402/training_image/image66.png,Casual Luxury,13-17,"rectangle,pear,hourglass,apple","S,M,L","light,medium,dusky",Co-ord set,Poor,Cotton blend,Clashing,Unflattering,Bad quality casual luxury outfit for Indian female in age group 13-17.,bad,0.2,"Full-body portrait of an Indian female, natural and realistic, head to toe. Occasion: Casual Luxury. Age: 13-17. Skin tone: light. Body shape: rectangle. Size: M. Outfit: Co-ord set. Fabric: Silk. Background: suitable casual luxury setting."
imgA_067,https://res.cloudinary.com/dgbmqarp0/image/upload/v1768719399/training_image/image67.png,Casual Luxury,18-25,"rectangle,pear,hourglass,apple","S,M,L","light,medium,dusky",Co-ord set,Poor,Cotton blend,Clashing,Unflattering,Bad quality casual luxury outfit for Indian female in age group 18-25.,bad,0.2,"Full-body portrait of an Indian female, natural and realistic, head to toe. Occasion: Casual Luxury. Age: 18-25. Skin tone: light. Body shape: rectangle. Size: M. Outfit: Co-ord set. Fabric: Cotton blend. Background: suitable casual luxury setting."
imgA_068,https://res.cloudinary.com/dgbmqarp0/image/upload/v1768719375/training_image/image68.png,Casual Luxury,26-35,"rectangle,pear,hourglass,apple","S,M,L","light,medium,dusky",Co-ord set,Poor,Cotton blend,Clashing,Unflattering,Bad quality casual luxury outfit for Indian female in age group 26-35.,bad,0.2,"Full-body portrait of an Indian female, natural and realistic, head to toe. Occasion: Casual Luxury. Age: 26-35. Skin tone: light. Body shape: rectangle. Size: M. Outfit: Co-ord set. Fabric: Cotton blend. Background: suitable casual luxury setting."
imgA_069,https://res.cloudinary.com/dgbmqarp0/image/upload/v1768719396/training_image/image69.png,Casual Luxury,36-50,"rectangle,pear,hourglass,apple","S,M,L","light,medium,dusky",Co-ord set,Poor,Cotton blend,Clashing,Unflattering,Bad quality casual luxury outfit for Indian female in age group 36-50.,bad,0.2,"Full-body portrait of an Indian female, natural and realistic, head to toe. Occasion: Casual Luxury. Age: 36-50. Skin tone: light. Body shape: rectangle. Size: M. Outfit: Co-ord set. Fabric: Cotton blend. Background: suitable casual luxury setting."
imgA_070,https://res.cloudinary.com/dgbmqarp0/image/upload/v1768719377/training_image/image70.png,Casual Luxury,51+,"rectangle,pear,hourglass,apple","S,M,L","light,medium,dusky",Co-ord set,Poor,Cotton blend,Clashing,Unflattering,Bad quality casual luxury outfit for Indian female in age group 51+.,bad,0.2,"Full-body portrait of an Indian female, natural and realistic, head to toe. Occasion: Casual Luxury. Age: 51+. Skin tone: light. Body shape: rectangle. Size: M. Outfit: Co-ord set. Fabric: Cotton blend. Background: suitable casual luxury setting."
imgA_071,https://res.cloudinary.com/dgbmqarp0/image/upload/v1768719393/training_image/image71.png,Resort,13-17,"rectangle,pear,hourglass,apple","S,M,L","light,medium,dusky",Maxi dress,Poor,Chiffon,Clashing,Unflattering,Bad quality resort outfit for Indian female in age group 13-17.,bad,0.2,"Full-body portrait of an Indian female, natural and realistic, head to toe. Occasion: Resort. Age: 13-17. Skin tone: light. Body shape: rectangle. Size: M. Outfit: Maxi dress. Fabric: Cotton blend. Background: suitable resort setting."
imgA_072,https://res.cloudinary.com/dgbmqarp0/image/upload/v1768719390/training_image/image72.png,Resort,18-25,"rectangle,pear,hourglass,apple","S,M,L","light,medium,dusky",Maxi dress,Poor,Chiffon,Clashing,Unflattering,Bad quality resort outfit for Indian female in age group 18-25.,bad,0.2,"Full-body portrait of an Indian female, natural and realistic, head to toe. Occasion: Resort. Age: 18-25. Skin tone: light. Body shape: rectangle. Size: M. Outfit: Maxi dress. Fabric: Chiffon. Background: suitable resort setting."
imgA_073,https://res.cloudinary.com/dgbmqarp0/image/upload/v1768719386/training_image/image73.png,Resort,26-35,"rectangle,pear,hourglass,apple","S,M,L","light,medium,dusky",Maxi dress,Poor,Chiffon,Clashing,Unflattering,Bad quality resort outfit for Indian female in age group 26-35.,bad,0.2,"Full-body portrait of an Indian female, natural and realistic, head to toe. Occasion: Resort. Age: 26-35. Skin tone: light. Body shape: rectangle. Size: M. Outfit: Maxi dress. Fabric: Chiffon. Background: suitable resort setting."
imgA_074,https://res.cloudinary.com/dgbmqarp0/image/upload/v1768719383/training_image/image74.png,Resort,36-50,"rectangle,pear,hourglass,apple","S,M,L","light,medium,dusky",Maxi dress,Poor,Chiffon,Clashing,Unflattering,Bad quality resort outfit for Indian female in age group 36-50.,bad,0.2,"Full-body portrait of an Indian female, natural and realistic, head to toe. Occasion: Resort. Age: 36-50. Skin tone: light. Body shape: rectangle. Size: M. Outfit: Maxi dress. Fabric: Chiffon. Background: suitable resort setting."
imgA_075,https://res.cloudinary.com/dgbmqarp0/image/upload/v1768719380/training_image/image75.png,Resort,51+,"rectangle,pear,hourglass,apple","S,M,L","light,medium,dusky",Maxi dress,Poor,Chiffon,Clashing,Unflattering,Bad quality resort outfit for Indian female in age group 51+.,bad,0.2,"Full-body portrait of an Indian female, natural and realistic, head to toe. Occasion: Resort. Age: 51+. Skin tone: light. Body shape: rectangle. Size: M. Outfit: Maxi dress. Fabric: Chiffon. Background: suitable resort setting."
